timestamp,priceChangePercent,volumeRatio
1999-01-25,10.476408,0.188044
1999-01-26,-7.759353,0.212826
1999-01-27,-0.311040,0.205445
1999-01-28,-0.314390,0.238695
1999-01-29,-4.701930,0.302001
1999-02-01,1.975572,0.216658
1999-02-02,-7.741867,0.416462
1999-02-03,2.097260,0.127780
1999-02-04,5.478493,0.342656
1999-02-05,2.922409,0.275896
1999-02-08,-3.469332,0.332527
1999-02-09,-3.922805,0.198762
1999-02-10,-1.018761,0.360978
1999-02-11,8.590403,0.337454
1999-02-12,5.696821,0.292947
1999-02-16,0.597807,0.589385
1999-02-17,-5.357681,0.193859
1999-02-18,1.572240,0.211866
1999-02-19,3.407272,0.235591
1999-02-22,0.597807,0.667145
1999-02-23,4.761179,0.758023
1999-02-24,7.954933,3.746442
1999-02-25,-3.156868,0.842394
1999-02-26,-4.620506,1.001922
1999-03-01,0.571092,0.543617
1999-03-02,-0.850691,0.341168
1999-03-03,-6.857097,0.391120
1999-03-04,-2.148521,0.390657
1999-03-05,5.643310,0.539723
1999-03-08,1.483577,0.539039
1999-03-09,3.217985,1.039554
1999-03-10,-1.701346,1.715445
1999-03-11,-4.322522,0.375411
1999-03-12,-1.806628,0.648747
1999-03-15,4.294677,0.789442
1999-03-16,-3.234652,0.574424
1999-03-17,0.606939,0.391461
1999-03-18,1.208818,0.355263
1999-03-19,0.298022,0.815341
1999-03-22,-2.975963,0.280666
1999-03-23,-6.134592,1.341449
1999-03-24,-0.655019,0.492724
1999-03-25,1.316182,0.420305
1999-03-26,8.767206,0.975493
1999-03-29,2.984916,0.764459
1999-03-30,-8.405729,0.818056
1999-03-31,6.960597,1.792818
1999-04-01,-2.958428,0.337064
1999-04-05,-3.048581,1.109072
1999-04-06,-2.514142,0.774979
1999-04-07,8.385955,0.996171
1999-04-08,1.785169,1.496963
1999-04-09,-1.753860,0.595392
1999-04-12,-4.166897,0.409319
1999-04-13,-4.037923,0.460367
1999-04-14,-2.910472,0.644892
1999-04-15,2.664920,0.488938
1999-04-16,3.246590,0.536500
1999-04-19,-4.402735,0.433525
1999-04-20,-1.973139,0.988191
1999-04-21,1.677786,0.535243
1999-04-22,-4.291129,3.565617
1999-04-23,-4.825234,1.749908
1999-04-26,-5.072603,1.618290
1999-04-27,10.684450,2.906587
1999-04-28,-0.688663,1.394377
1999-04-29,0.000000,0.543028
1999-04-30,1.389434,1.190997
1999-05-03,0.683775,0.389729
1999-05-04,-5.441308,1.149042
1999-05-05,2.157542,1.702753
1999-05-06,-1.936247,0.406241
1999-05-07,0.537760,0.301496
1999-05-10,0.000000,0.240688
1999-05-11,5.356866,2.118100
1999-05-12,3.051227,1.917509
1999-05-13,0.000000,0.745002
1999-05-14,-5.262439,0.297810
1999-05-17,4.861403,0.376206
1999-05-18,4.635934,1.590468
1999-05-19,-4.430537,4.541331
1999-05-20,-7.946993,1.482547
1999-05-21,-2.157620,2.577923
1999-05-24,-0.369847,1.284501
1999-05-25,0.739665,1.011817
1999-05-26,-0.365739,0.846573
1999-05-27,-0.736906,0.669543
1999-05-28,1.112184,0.711192
1999-06-01,0.365705,0.793906
1999-06-02,-3.649399,1.021727
1999-06-03,2.650183,0.322071
1999-06-04,0.739665,0.636827
1999-06-07,1.099973,0.992519
1999-06-08,2.534866,1.169556
1999-06-09,1.766642,0.690905
1999-06-10,0.346714,0.269495
1999-06-11,-2.075491,0.479171
1999-06-14,-3.886123,0.407082
1999-06-15,0.000000,0.385026
1999-06-16,2.939284,0.500475
1999-06-17,-2.855357,0.602540
1999-06-18,-3.676133,1.504413
1999-06-21,5.343666,0.798457
1999-06-22,-1.814251,2.063887
1999-06-23,1.847774,2.218688
1999-06-24,-2.175989,1.162425
1999-06-25,1.481956,0.738118
1999-06-28,1.460349,1.100465
1999-06-29,1.080135,0.924919
1999-06-30,8.896123,2.694497
1999-07-01,-5.230345,0.832678
1999-07-02,7.243016,2.058481
1999-07-06,0.321071,1.699753
1999-07-07,-1.922470,0.525160
1999-07-08,2.286429,1.608265
1999-07-09,8.467696,1.761089
1999-07-12,4.564936,3.108664
1999-07-13,0.281251,0.951066
1999-07-14,-3.932754,0.917419
1999-07-15,0.586086,0.885258
1999-07-16,2.033856,0.655619
1999-07-19,-2.564371,0.272903
1999-07-20,-1.753860,1.159781
1999-07-21,-2.975963,0.705395
1999-07-22,-4.600985,1.377311
1999-07-23,0.000000,0.517920
1999-07-26,0.321071,0.395063
1999-07-27,0.320003,0.646247
1999-07-28,1.597365,1.606390
1999-07-29,0.944306,2.435944
1999-07-30,0.310952,2.731502
1999-08-02,0.932631,1.705240
1999-08-03,-2.462313,1.356256
1999-08-04,0.000000,0.470872
1999-08-05,1.577134,1.250561
1999-08-06,0.000000,0.943020
1999-08-09,0.000000,0.160319
1999-08-10,1.862809,1.210311
1999-08-11,6.708341,1.105312
1999-08-12,4.855947,1.317568
1999-08-13,-1.088162,0.452813
1999-08-16,-3.856887,1.201089
1999-08-17,0.286040,0.992382
1999-08-18,2.286445,1.429745
1999-08-19,21.227090,9.634976
1999-08-20,-0.920193,1.209878
1999-08-23,-6.047521,1.662909
1999-08-24,-0.494272,1.214158
1999-08-25,-0.498613,1.021954
1999-08-26,-1.499497,0.791010
1999-08-27,5.584557,1.612985
1999-08-30,-0.361843,0.456564
1999-08-31,8.565689,2.316148
1999-09-01,-4.667702,1.543340
1999-09-02,-1.165409,0.874402
1999-09-03,0.708207,0.655174
1999-09-07,-0.467639,0.311936
1999-09-08,-0.236695,0.421452
1999-09-09,-1.414656,0.521829
1999-09-10,1.434955,0.416470
1999-09-13,-3.302051,0.437834
1999-09-14,-2.925920,0.621437
1999-09-15,0.754490,0.526272
1999-09-16,-2.495545,0.390215
1999-09-17,-0.255318,0.430084
1999-09-20,-3.589959,0.740632
1999-09-21,-9.573455,2.432328
1999-09-22,2.353660,1.195102
1999-09-23,-8.335352,1.210794
1999-09-24,-9.090875,2.174589
1999-09-27,6.207563,1.287867
1999-09-28,9.091357,1.254280
1999-09-29,-8.036564,1.736239
1999-09-30,-0.323113,1.030142
1999-10-01,-0.648311,1.082135
1999-10-04,1.960153,0.552070
1999-10-05,9.614779,1.505123
1999-10-06,11.989383,4.499413
1999-10-07,-6.526974,1.211420
1999-10-08,5.026257,0.958632
1999-10-11,-2.659407,1.272950
1999-10-12,-1.366027,0.723840
1999-10-13,-2.769918,0.623246
1999-10-14,-1.993315,0.424365
1999-10-15,-0.582671,0.463178
1999-10-18,-5.261534,0.470968
1999-10-19,-4.013008,0.677174
1999-10-20,3.536224,0.802058
1999-10-21,4.658181,0.881661
1999-10-22,2.374670,0.661411
1999-10-25,-4.928587,0.516974
1999-10-26,9.757008,1.194966
1999-10-27,-4.443782,0.527236
1999-10-28,-4.652614,0.575425
1999-10-29,7.928274,0.867189
1999-11-01,6.213351,2.057771
1999-11-02,6.383042,2.040034
1999-11-03,9.749829,4.694641
1999-11-04,6.378463,2.778195
1999-11-05,-3.211805,1.252005
1999-11-08,2.876630,0.934097
1999-11-09,-1.506302,0.545299
1999-11-10,-0.871946,0.289880
1999-11-11,7.047299,1.148126
1999-11-12,5.350703,0.986000
1999-11-15,-1.952966,0.692341
1999-11-16,9.561719,1.364319
1999-11-17,3.817620,1.426525
1999-11-18,0.349706,0.411710
1999-11-19,19.721472,3.826538
1999-11-22,-0.145527,0.818776
1999-11-23,-7.153016,0.818326
1999-11-24,-3.145679,0.598594
1999-11-26,-0.648311,0.104104
1999-11-29,-3.595224,0.437997
1999-11-30,-6.102340,0.462666
1999-12-01,5.054355,0.340357
1999-12-02,7.388438,0.494972
1999-12-03,-2.399879,0.633604
1999-12-06,2.787476,0.360749
1999-12-07,-3.350048,0.393867
1999-12-08,4.455930,0.439393
1999-12-09,-3.001649,0.471885
1999-12-10,-1.140706,0.214149
1999-12-13,-0.328947,0.421820
1999-12-14,-1.652803,0.652204
1999-12-15,-3.193385,0.495680
1999-12-16,-0.694630,0.340257
1999-12-17,5.244438,0.734231
1999-12-20,8.306473,1.123326
1999-12-21,4.294677,1.437799
1999-12-22,2.352568,0.956813
1999-12-23,6.609615,1.132592
1999-12-27,-3.773742,0.839597
1999-12-28,-0.280759,0.723625
1999-12-29,3.370848,0.546843
1999-12-30,0.815976,0.601131
1999-12-31,1.212043,0.557710
2000-01-03,-0.265931,1.372734
2000-01-04,-2.670058,1.383976
2000-01-05,-3.292165,0.843844
2000-01-06,-6.525241,0.539530
2000-01-07,1.669999,0.324678
2000-01-10,3.282929,1.131093
2000-01-11,-4.046463,0.675969
2000-01-12,-2.559588,0.568450
2000-01-13,4.172349,0.629990
2000-01-14,4.302604,2.932719
2000-01-18,4.268288,1.138876
2000-01-19,-0.955566,0.716905
2000-01-20,-0.275036,0.824336
2000-01-21,-1.105317,2.624343
2000-01-24,-4.468539,1.157155
2000-01-25,-0.878056,1.073505
2000-01-26,-4.130014,1.044223
2000-01-27,-5.230689,2.033920
2000-01-28,-2.921153,0.804880
2000-01-31,-0.836096,0.746562
2000-02-01,2.359720,0.376310
2000-02-02,2.801255,0.629722
2000-02-03,1.602456,0.472449
2000-02-04,2.365769,0.549520
2000-02-07,-6.162911,0.965501
2000-02-08,4.761801,2.015768
2000-02-09,2.507457,2.413942
2000-02-10,20.489472,3.645974
2000-02-11,1.523322,1.374185
2000-02-14,15.999308,2.012885
2000-02-15,-3.878896,1.385015
2000-02-16,4.595894,3.046265
2000-02-17,3.537122,1.419506
2000-02-18,11.594792,2.431036
2000-02-22,-2.783470,1.303831
2000-02-23,0.573069,1.188300
2000-02-24,-0.948735,0.550184
2000-02-25,-6.226381,0.626849
2000-02-28,-0.714634,1.188628
2000-02-29,5.349081,0.677307
2000-03-01,-2.929487,0.837407
2000-03-02,-6.740483,0.404256
2000-03-03,1.618040,0.576600
2000-03-06,-0.636753,0.894711
2000-03-07,42.414851,3.917227
2000-03-08,0.824972,1.142942
2000-03-09,19.401137,1.601326
2000-03-10,17.650485,3.523938
2000-03-13,26.483406,3.589475
2000-03-14,-26.214549,2.029704
2000-03-15,-4.086231,1.216689
2000-03-16,-10.843363,0.887444
2000-03-17,6.056353,0.670134
2000-03-20,-0.062485,0.438412
2000-03-21,-4.947026,0.667953
2000-03-22,0.724985,0.287121
2000-03-23,1.765524,0.392114
2000-03-24,-4.177068,0.292302
2000-03-27,-6.573084,0.492350
2000-03-28,-7.465554,0.501976
2000-03-29,-6.594417,0.595818
2000-03-30,-0.581686,0.456863
2000-03-31,12.928301,1.202624
2000-04-03,-7.822884,0.395061
2000-04-04,-3.692070,0.618963
2000-04-05,22.250264,0.843616
2000-04-06,4.635205,0.534674
2000-04-07,6.905475,0.436830
2000-04-10,-8.835963,0.620379
2000-04-11,-5.949405,0.853439
2000-04-12,-10.376469,0.652110
2000-04-13,-4.282769,0.701598
2000-04-14,-8.802464,0.993473
2000-04-17,5.110021,0.703735
2000-04-18,17.718417,1.152423
2000-04-19,-4.772669,0.676611
2000-04-20,-0.539430,0.372025
2000-04-24,-4.961609,0.507303
2000-04-25,10.929938,0.616954
2000-04-26,-1.029470,0.638855
2000-04-27,8.172404,0.719014
2000-04-28,-2.060310,0.469454
2000-05-01,3.226041,0.320829
2000-05-02,-3.872291,0.708967
2000-05-03,-1.625548,1.012064
2000-05-04,1.221499,0.763220
2000-05-05,4.612858,0.576111
2000-05-08,-3.663390,0.650948
2000-05-09,-1.408346,0.636687
2000-05-10,-9.857248,1.027228
2000-05-11,4.278798,0.954448
2000-05-12,-3.039369,0.738699
2000-05-15,6.896390,1.137532
2000-05-16,10.263778,1.520475
2000-05-17,17.553262,5.276140
2000-05-18,-6.787329,1.787436
2000-05-19,-0.849555,1.755722
2000-05-22,6.487582,1.640652
2000-05-23,-0.804633,2.353778
2000-05-24,-1.274833,2.070559
2000-05-25,-1.408409,1.492004
2000-05-26,0.506061,0.463391
2000-05-30,4.115811,0.766556
2000-05-31,3.867979,1.158401
2000-06-01,2.793150,1.004517
2000-06-02,12.147264,1.404597
2000-06-05,2.149325,1.120135
2000-06-06,-4.987535,0.825741
2000-06-07,-4.454241,0.715119
2000-06-08,0.768430,0.974980
2000-06-09,2.846691,0.969747
2000-06-12,-2.669219,0.770939
2000-06-13,3.148827,0.891160
2000-06-14,-0.098302,0.538519
2000-06-15,2.612119,0.668816
2000-06-16,15.081468,2.153779
2000-06-19,6.260353,2.180411
2000-06-20,-1.335363,1.198727
2000-06-21,10.151212,1.196833
2000-06-22,-5.457058,1.215162
2000-06-23,-9.441753,1.216468
2000-06-26,12.072393,1.233570
2000-06-27,-14.124296,1.156127
2000-06-28,-3.859514,1.090333
2000-06-29,-14.416105,2.178643
2000-06-30,8.422203,2.077093
2000-07-03,-3.834707,0.379572
2000-07-05,-10.736257,1.296461
2000-07-06,6.070972,0.973858
2000-07-07,0.539903,0.546860
2000-07-10,5.155740,0.559320
2000-07-11,8.069521,1.213887
2000-07-12,2.835329,0.605557
2000-07-13,9.375210,0.719023
2000-07-14,-0.756366,0.432954
2000-07-17,-1.100616,0.163834
2000-07-18,-1.969307,0.306045
2000-07-19,-6.375468,0.340392
2000-07-20,2.705214,0.266933
2000-07-21,1.271652,0.491960
2000-07-24,-8.520318,0.569088
2000-07-25,-3.725587,0.701979
2000-07-26,-7.433623,0.819976
2000-07-27,-7.150663,0.733088
2000-07-28,2.369490,1.166401
2000-07-31,11.111122,0.914555
2000-08-01,-1.979222,0.963184
2000-08-02,2.019186,0.933816
2000-08-03,4.375189,1.058500
2000-08-04,1.796232,0.578809
2000-08-07,7.843020,0.750710
2000-08-08,-2.181858,0.395749
2000-08-09,-2.973836,0.466027
2000-08-10,1.149427,0.559154
2000-08-11,-2.367262,0.498499
2000-08-14,0.969859,0.422086
2000-08-15,9.438012,1.722411
2000-08-16,2.523655,0.984692
2000-08-17,1.883476,0.473423
2000-08-18,3.529216,0.748387
2000-08-21,1.542243,1.712731
2000-08-22,-9.432408,2.350126
2000-08-23,5.825397,1.189744
2000-08-24,2.668840,1.126858
2000-08-25,-2.518331,0.518413
2000-08-28,4.000006,0.682664
2000-08-29,-0.240345,0.557072
2000-08-30,0.883425,0.690011
2000-08-31,1.114682,1.557358
2000-09-01,0.157530,0.814209
2000-09-05,0.157272,0.979893
2000-09-06,-6.907463,0.916310
2000-09-07,5.396395,0.935625
2000-09-08,-5.920055,0.851648
2000-09-11,-4.081692,1.079871
2000-09-12,-0.620535,0.462398
2000-09-13,-0.044520,0.878033
2000-09-14,-0.936954,0.822123
2000-09-15,2.184642,0.930725
2000-09-18,-5.841032,0.613954
2000-09-19,3.090010,1.139572
2000-09-20,-3.269757,0.888739
2000-09-21,4.295775,1.479044
2000-09-22,1.733034,1.653609
2000-09-25,7.168259,1.973480
2000-09-26,2.394663,1.335214
2000-09-27,5.483752,2.599936
2000-09-28,3.058233,1.165586
2000-09-29,-2.819066,1.270895
2000-10-02,-2.366396,1.160704
2000-10-03,-5.394932,1.000044
2000-10-04,-1.157079,1.384910
2000-10-05,-2.340913,1.680539
2000-10-06,-6.250204,3.144165
2000-10-09,2.191786,1.813086
2000-10-10,-7.595945,1.077889
2000-10-11,0.870498,1.338149
2000-10-12,-3.930938,0.967339
2000-10-13,3.991716,1.364094
2000-10-16,-2.303251,0.768745
2000-10-17,-7.269198,1.029336
2000-10-18,-1.588882,0.910072
2000-10-19,9.688023,0.630612
2000-10-20,9.322628,0.832987
2000-10-23,-2.243991,0.391613
2000-10-24,-3.214086,0.430316
2000-10-25,-8.728551,0.869076
2000-10-26,4.261945,0.619441
2000-10-27,-2.293316,0.495612
2000-10-30,-7.040531,0.460157
2000-10-31,9.138003,0.729738
2000-11-01,-0.025110,0.742705
2000-11-02,7.646031,0.477109
2000-11-03,6.541945,0.692928
2000-11-06,7.719411,1.815699
2000-11-07,-6.759014,0.741560
2000-11-08,-2.969393,0.549664
2000-11-09,-10.440942,1.748204
2000-11-10,-5.427342,2.432300
2000-11-13,0.425266,1.548113
2000-11-14,18.306796,1.337625
2000-11-15,-1.319274,1.203156
2000-11-16,-6.276954,0.667923
2000-11-17,-1.934093,0.511268
2000-11-20,-7.692507,0.880645
2000-11-21,-1.922833,1.108491
2000-11-22,-5.228774,1.155854
2000-11-24,5.746756,0.464059
2000-11-27,-3.369609,1.037600
2000-11-28,-7.451940,1.067035
2000-11-29,-6.168292,1.730146
2000-11-30,-16.062297,2.551711
2000-12-01,9.876750,1.873339
2000-12-04,1.544628,1.058374
2000-12-05,6.500916,2.175502
2000-12-06,-14.285779,1.995663
2000-12-07,-1.818194,1.536168
2000-12-08,22.839722,1.577327
2000-12-11,0.000000,1.363923
2000-12-12,-2.763748,0.740395
2000-12-13,-7.751922,1.233971
2000-12-14,-6.863060,1.021042
2000-12-15,-9.924524,1.938587
2000-12-18,3.297060,1.084578
2000-12-19,-7.555923,1.498346
2000-12-20,-10.838598,1.665076
2000-12-21,-12.549216,1.207486
2000-12-22,25.784750,1.314901
2000-12-26,-4.100111,0.451812
2000-12-27,6.691492,0.446661
2000-12-28,0.522454,0.553192
2000-12-29,-9.142128,0.662890
2001-01-02,-8.630781,0.402413
2001-01-03,30.688602,1.304258
2001-01-04,11.501604,1.132878
2001-01-05,-14.971614,0.608921
2001-01-08,9.520148,0.837856
2001-01-09,1.999742,0.449256
2001-01-10,6.938087,0.607580
2001-01-11,8.321822,0.712277
2001-01-12,-2.083540,1.061262
2001-01-16,-7.845432,0.658623
2001-01-17,3.607261,0.952131
2001-01-18,19.185628,1.587465
2001-01-19,-2.658765,1.665231
2001-01-22,-3.961668,0.613792
2001-01-23,9.969103,0.748945
2001-01-24,-0.426438,0.808955
2001-01-25,-10.045785,0.824708
2001-01-26,3.172836,0.481559
2001-01-29,0.491721,0.662813
2001-01-30,2.203381,0.458907
2001-01-31,-1.077921,0.691096
2001-02-01,0.514623,0.712515
2001-02-02,-9.665554,0.647559
2001-02-05,-0.133658,0.781728
2001-02-06,0.534247,0.536319
2001-02-07,-4.648299,1.598032
2001-02-08,-0.556731,0.814742
2001-02-09,-0.700769,0.550908
2001-02-12,-2.679312,0.767236
2001-02-13,3.043021,1.048498
2001-02-14,7.313830,1.539622
2001-02-15,18.348414,2.443519
2001-02-16,5.426635,2.341874
2001-02-20,-9.979144,1.508846
2001-02-21,4.550680,1.344171
2001-02-22,4.241104,1.658408
2001-02-23,-6.905838,2.029560
2001-02-26,-2.242639,1.393481
2001-02-27,-5.999847,0.946245
2001-02-28,-10.513152,1.367997
2001-03-01,7.901810,1.525077
2001-03-02,-9.623688,2.250782
2001-03-05,0.967654,1.091471
2001-03-06,9.659470,1.190011
2001-03-07,8.031193,1.295040
2001-03-08,3.356974,1.092809
2001-03-09,-7.076373,1.591893
2001-03-12,-3.620452,0.945609
2001-03-13,11.916921,1.302298
2001-03-14,5.671110,1.557478
2001-03-15,4.928946,2.057723
2001-03-16,-0.417283,1.261877
2001-03-19,5.764797,0.966345
2001-03-20,-9.316099,2.052325
2001-03-21,7.432014,1.814976
2001-03-22,10.071061,1.549179
2001-03-23,-0.924169,1.324236
2001-03-26,5.410404,1.325814
2001-03-27,-3.628278,1.414523
2001-03-28,0.068753,1.135941
2001-03-29,1.491219,1.261736
2001-03-30,-6.080447,1.069976
2001-04-02,-4.211686,0.950831
2001-04-03,3.316313,1.467956
2001-04-04,-10.311243,2.376998
2001-04-05,9.219311,1.123039
2001-04-06,-0.397306,0.979182
2001-04-09,-4.861490,0.686965
2001-04-10,9.439846,0.735140
2001-04-11,6.036583,0.881293
2001-04-12,1.502540,0.887489
2001-04-16,-2.434083,0.477252
2001-04-17,4.902185,0.704967
2001-04-18,7.455032,1.450961
2001-04-19,8.594153,1.018888
2001-04-20,3.647193,1.115797
2001-04-23,-5.278295,0.777507
2001-04-24,-7.077657,1.157148
2001-04-25,4.598728,0.893017
2001-04-26,-7.881359,0.940292
2001-04-27,7.118591,0.578439
2001-04-30,5.442835,1.023359
2001-05-01,9.339840,1.200767
2001-05-02,-2.294579,0.976362
2001-05-03,-0.438264,0.614500
2001-05-04,1.376873,0.660805
2001-05-07,4.486860,0.694672
2001-05-08,-7.235052,1.177600
2001-05-09,-4.686394,0.940861
2001-05-10,-3.362326,0.709156
2001-05-11,-2.556494,0.664091
2001-05-14,0.857558,0.516027
2001-05-15,3.590989,0.914923
2001-05-16,4.715689,0.701347
2001-05-17,1.766385,0.708374
2001-05-18,-0.804731,0.456374
2001-05-21,4.519136,0.885870
2001-05-22,2.993345,0.880011
2001-05-23,-0.850194,1.944956
2001-05-24,1.476315,1.406008
2001-05-25,-1.893664,0.786676
2001-05-29,-4.100169,0.762929
2001-05-30,-1.865081,2.819716
2001-05-31,-0.799516,1.013940
2001-06-01,5.536710,0.830385
2001-06-04,-1.549409,0.503517
2001-06-05,5.250016,0.810601
2001-06-06,0.427349,0.573683
2001-06-07,5.647722,0.973395
2001-06-08,-2.597375,0.612559
2001-06-11,-2.925173,0.506404
2001-06-12,3.332716,0.973993
2001-06-13,-3.359028,0.814722
2001-06-14,-0.213391,0.832153
2001-06-15,1.560158,0.963129
2001-06-18,-3.955892,0.748027
2001-06-19,-5.466172,1.305252
2001-06-20,4.299122,1.488724
2001-06-21,1.888610,1.219714
2001-06-22,-0.446967,0.645549
2001-06-25,-0.197138,0.564822
2001-06-26,2.886195,0.678069
2001-06-27,-3.093243,0.807253
2001-06-28,1.177669,0.919476
2001-06-29,0.902866,0.752523
2001-07-02,-4.431283,1.087070
2001-07-03,1.275000,0.415590
2001-07-05,-7.251883,1.075377
2001-07-06,-3.074760,0.832244
2001-07-09,-3.271365,1.069997
2001-07-10,0.819957,1.268945
2001-07-11,-0.190564,0.909366
2001-07-12,5.244879,0.996612
2001-07-13,-2.068470,0.699212
2001-07-16,-8.041047,1.223217
2001-07-17,5.587834,1.194891
2001-07-18,-3.460314,0.845422
2001-07-19,1.607834,0.873984
2001-07-20,-2.878968,0.811272
2001-07-23,-9.467356,1.762911
2001-07-24,6.769936,1.488210
2001-07-25,-0.967102,1.306396
2001-07-26,10.196907,1.752565
2001-07-27,2.531548,1.074275
2001-07-30,-2.382771,0.566280
2001-07-31,2.314340,1.163515
2001-08-01,6.106509,1.171868
2001-08-02,2.376525,1.027871
2001-08-03,-0.785176,0.765211
2001-08-06,3.027911,1.204714
2001-08-07,-1.480696,1.001625
2001-08-08,-2.542333,1.042125
2001-08-09,-1.750846,1.506182
2001-08-10,-0.117837,0.921856
2001-08-13,4.194055,1.326818
2001-08-14,-2.653396,2.004766
2001-08-15,0.116586,1.494501
2001-08-16,4.211676,0.811686
2001-08-17,-6.475191,1.310479
2001-08-20,-0.692455,0.896606
2001-08-21,-2.103762,0.911729
2001-08-22,4.113703,1.158975
2001-08-23,-2.217438,0.776567
2001-08-24,2.858461,0.874619
2001-08-27,3.459357,1.006768
2001-08-28,-1.303507,0.902661
2001-08-29,-3.215264,1.099874
2001-08-30,-0.320384,1.086826
2001-08-31,0.833103,0.665778
2001-09-04,-6.952977,1.388271
2001-09-05,2.131403,1.754761
2001-09-06,-4.087124,1.363659
2001-09-07,1.049084,1.338678
2001-09-10,-2.896493,1.258201
2001-09-17,-10.269346,0.744220
2001-09-18,-6.031135,0.591865
2001-09-19,-1.220982,1.084832
2001-09-20,-8.462743,1.030588
2001-09-21,-6.613691,0.846150
2001-09-24,11.234683,1.056302
2001-09-25,-3.900001,0.652454
2001-09-26,-3.607507,0.301033
2001-09-27,-5.541395,0.658536
2001-09-28,4.647730,0.761332
2001-10-01,-8.482094,0.710528
2001-10-02,-5.011933,0.829548
2001-10-03,19.681937,1.331474
2001-10-04,12.980757,1.446570
2001-10-05,1.889398,0.772017
2001-10-08,2.249010,0.544686
2001-10-09,-4.339840,0.678856
2001-10-10,6.432536,0.757697
2001-10-11,10.831895,0.747200
2001-10-12,6.507097,1.065585
2001-10-15,-0.445278,0.793502
2001-10-16,10.062143,1.220856
2001-10-17,-5.869172,1.464218
2001-10-18,4.220700,0.876530
2001-10-19,2.070918,0.927411
2001-10-22,2.366966,0.856241
2001-10-23,-1.761834,0.860920
2001-10-24,4.416159,1.094435
2001-10-25,5.860889,1.005038
2001-10-26,-7.138642,0.946715
2001-10-29,-8.124066,0.865095
2001-10-30,-0.166328,0.991655
2001-10-31,2.047727,0.849467
2001-11-01,8.539433,0.973000
2001-11-02,1.397075,1.006910
2001-11-05,0.360483,0.864120
2001-11-06,6.865150,1.300160
2001-11-07,0.079221,1.274481
2001-11-08,-1.738257,1.685818
2001-11-09,6.934678,1.914537
2001-11-12,2.688047,1.179375
2001-11-13,-0.823714,1.144133
2001-11-14,-2.786970,0.907529
2001-11-15,0.531579,0.705510
2001-11-16,-0.868680,0.402420
2001-11-19,-2.191067,1.612886
2001-11-20,-2.804838,0.748322
2001-11-21,-1.282480,0.581539
2001-11-23,1.400758,0.206791
2001-11-26,7.147129,1.027315
2001-11-27,1.065041,0.995464
2001-11-28,-5.047151,0.618222
2001-11-29,4.380832,4.360522
2001-11-30,1.921210,0.746575
2001-12-03,-1.518893,0.616115
2001-12-04,8.046765,1.010502
2001-12-05,8.066661,1.225603
2001-12-06,-1.575656,0.809256
2001-12-07,-3.056297,0.579191
2001-12-10,1.000828,0.520089
2001-12-11,3.583940,0.629147
2001-12-12,3.109100,0.819483
2001-12-13,-2.876150,0.732161
2001-12-14,4.505555,0.633976
2001-12-17,3.595418,0.912680
2001-12-18,-2.573567,0.730844
2001-12-19,-2.732020,0.736250
2001-12-20,-3.941794,0.822395
2001-12-21,4.329711,0.619947
2001-12-24,2.492964,0.222706
2001-12-26,2.447455,0.561438
2001-12-27,2.315421,0.653860
2001-12-28,-2.407082,0.678837
2001-12-31,-1.196308,0.822041
2002-01-02,0.597880,1.471959
2002-01-03,6.552713,1.563603
2002-01-04,-2.914395,1.033079
2002-01-07,-2.686101,1.121343
2002-01-08,1.180862,0.900967
2002-01-09,-1.371156,1.330300
2002-01-10,-2.396164,1.127711
2002-01-11,-4.425037,1.551307
2002-01-14,-5.248031,1.506778
2002-01-15,9.337302,1.970136
2002-01-16,-3.902642,1.129453
2002-01-17,3.503683,1.133710
2002-01-18,-1.830929,0.802875
2002-01-22,-2.507954,1.086714
2002-01-23,1.881021,0.884618
2002-01-24,3.582187,1.122643
2002-01-25,-0.259037,0.773641
2002-01-28,3.849093,0.867227
2002-01-29,-4.897765,1.284916
2002-01-30,1.206315,1.100965
2002-01-31,0.458421,0.861350
2002-02-01,-2.448959,0.617554
2002-02-04,-4.709251,1.024740
2002-02-05,-0.981792,1.357072
2002-02-06,2.495378,1.117687
2002-02-07,-3.240888,0.849680
2002-02-08,-3.815973,1.661496
2002-02-11,5.526616,1.067523
2002-02-12,2.117896,1.045438
2002-02-13,-1.286035,1.064412
2002-02-14,1.237713,1.088967
2002-02-15,-7.738042,3.526349
2002-02-19,-6.626050,1.547781
2002-02-20,5.228689,1.379539
2002-02-21,-6.832222,1.117103
2002-02-22,-4.914306,1.843390
2002-02-25,7.832440,1.084422
2002-02-26,2.173552,1.256611
2002-02-27,-3.363486,1.102476
2002-02-28,-4.026480,1.003371
2002-03-01,9.664894,0.820411
2002-03-04,5.577393,0.919144
2002-03-05,-0.253974,0.833425
2002-03-06,-3.140444,0.866483
2002-03-07,-0.806102,0.807536
2002-03-08,2.985786,0.759484
2002-03-11,-1.166627,0.480192
2002-03-12,-5.242007,0.767644
2002-03-13,-1.813531,0.630879
2002-03-14,-5.541045,0.700792
2002-03-15,4.226682,0.769877
2002-03-18,0.000000,0.762382
2002-03-19,-2.122367,0.569759
2002-03-20,-9.932223,1.604734
2002-03-21,5.309435,1.186297
2002-03-22,-0.857305,0.855068
2002-03-25,-5.167891,0.634242
2002-03-26,2.040975,0.827162
2002-03-27,-3.191476,0.809520
2002-03-28,-2.505451,2.428254
2002-04-01,-1.645812,1.734777
2002-04-02,-2.612911,1.015411
2002-04-03,1.882915,0.774228
2002-04-04,-0.485138,0.808058
2002-04-05,-2.274896,0.742059
2002-04-08,3.349136,0.841685
2002-04-09,-6.320197,1.013840
2002-04-10,-5.520102,2.653656
2002-04-11,-4.388656,0.950484
2002-04-12,-0.380046,0.898484
2002-04-15,4.034803,0.749332
2002-04-16,4.349995,0.555186
2002-04-17,1.180428,0.621102
2002-04-18,-1.662899,0.454356
2002-04-19,-6.814693,0.778684
2002-04-22,0.487548,0.570824
2002-04-23,-4.043128,0.554980
2002-04-24,-8.764084,1.140274
2002-04-25,3.879385,0.827876
2002-04-26,-9.988374,0.841061
2002-04-29,16.661349,2.978904
2002-04-30,-1.750094,1.270894
2002-05-01,1.809833,1.214976
2002-05-02,-4.034754,0.778079
2002-05-03,-3.704765,0.589864
2002-05-06,-3.816931,0.766919
2002-05-07,2.507778,0.984619
2002-05-08,11.489727,1.175888
2002-05-09,-4.277602,0.921257
2002-05-10,-7.486953,0.996852
2002-05-13,6.053815,0.605381
2002-05-14,9.937919,1.169310
2002-05-15,1.963795,1.123886
2002-05-16,0.184938,0.721121
2002-05-17,3.160377,0.676455
2002-05-20,1.072271,0.695027
2002-05-21,-7.628280,1.002596
2002-05-22,4.046911,1.098270
2002-05-23,-6.097157,1.816243
2002-05-24,-1.959006,0.499463
2002-05-28,-3.968248,0.939910
2002-05-29,3.775532,0.988474
2002-05-30,-1.460938,0.818158
2002-05-31,-2.732810,0.530637
2002-06-03,-5.887395,0.722249
2002-06-04,5.049254,0.876164
2002-06-05,-1.451023,0.891497
2002-06-06,0.030519,0.598658
2002-06-07,-0.950473,1.154725
2002-06-10,-0.835937,0.627123
2002-06-11,-4.495752,0.736997
2002-06-12,-8.630262,1.939930
2002-06-13,-1.037706,1.049705
2002-06-14,1.879811,0.935031
2002-06-17,0.887461,0.878039
2002-06-18,-0.527614,0.835689
2002-06-19,-15.664899,2.144740
2002-06-20,-0.922303,1.122223
2002-06-21,-4.105250,1.174620
2002-06-24,1.853486,1.140087
2002-06-25,-8.275237,0.943699
2002-06-26,-5.196220,1.677854
2002-06-27,-14.898066,2.505626
2002-06-28,0.585969,1.446975
2002-07-01,-0.233270,0.807495
2002-07-02,-6.301063,0.940258
2002-07-03,8.655573,0.730761
2002-07-05,8.824957,0.504210
2002-07-08,3.001540,1.082139
2002-07-09,-4.907955,0.727634
2002-07-10,-2.741918,0.620558
2002-07-11,10.171083,0.764068
2002-07-12,-0.099940,0.933309
2002-07-15,9.944729,1.034825
2002-07-16,-2.695469,1.211449
2002-07-17,-8.497472,1.281698
2002-07-18,-2.565567,0.804360
2002-07-19,-4.528947,0.572226
2002-07-22,-4.633229,0.890736
2002-07-23,-7.460983,0.979337
2002-07-24,6.375033,0.815533
2002-07-25,-11.515637,1.246632
2002-07-26,-2.324281,0.855989
2002-07-29,2.787467,0.923496
2002-07-30,7.275390,1.407944
2002-07-31,-31.751101,3.653607
2002-08-01,-9.575027,1.152482
2002-08-02,-6.593347,1.173370
2002-08-05,-8.021416,0.840741
2002-08-06,5.232501,0.744474
2002-08-07,-2.320364,0.567096
2002-08-08,6.560572,0.480259
2002-08-09,-2.335038,0.374183
2002-08-12,0.000000,0.391198
2002-08-13,-2.066086,0.445116
2002-08-14,6.771185,0.447359
2002-08-15,6.964219,0.844665
2002-08-16,3.886865,1.232623
2002-08-19,18.335714,1.619909
2002-08-20,-4.427175,0.997635
2002-08-21,5.293332,0.833323
2002-08-22,-3.377575,0.946781
2002-08-23,-6.585364,0.651067
2002-08-26,0.783276,0.499740
2002-08-27,-5.699447,0.500736
2002-08-28,-6.227503,0.532655
2002-08-29,1.270366,0.736029
2002-08-30,-2.603675,1.003197
2002-09-03,-6.138965,0.825795
2002-09-04,-0.632948,0.928833
2002-09-05,-3.821642,0.721572
2002-09-06,2.207943,0.760914
2002-09-09,-0.108896,0.589502
2002-09-10,14.270394,2.363982
2002-09-11,4.920364,1.553986
2002-09-12,-3.156421,1.159512
2002-09-13,-1.583167,0.692991
2002-09-16,-6.338326,0.817013
2002-09-17,-1.515191,0.806512
2002-09-18,-2.769193,0.789470
2002-09-19,-3.375988,0.620192
2002-09-20,0.546287,0.709711
2002-09-23,-4.342676,0.558014
2002-09-24,0.794089,0.682477
2002-09-25,5.517545,0.983928
2002-09-26,-5.335317,0.802338
2002-09-27,-3.495813,0.704424
2002-09-30,0.000000,0.638056
2002-10-01,5.374780,0.996604
2002-10-02,-0.111750,0.838444
2002-10-03,-4.882567,0.667785
2002-10-04,-5.018471,0.603279
2002-10-07,-4.913497,0.568478
2002-10-08,-2.972093,0.827544
2002-10-09,-1.863101,0.732035
2002-10-10,5.154918,0.738335
2002-10-11,13.678490,1.438980
2002-10-14,-2.951614,0.872641
2002-10-15,10.409826,1.244864
2002-10-16,-8.369485,0.845872
2002-10-17,7.630114,0.871991
2002-10-18,0.966711,0.743671
2002-10-21,9.043427,1.408533
2002-10-22,3.316697,1.867672
2002-10-23,4.060049,1.296957
2002-10-24,-5.080983,1.475809
2002-10-25,6.118122,1.020796
2002-10-28,0.540599,1.455488
2002-10-29,-4.390329,1.016957
2002-10-30,5.342044,1.511144
2002-10-31,5.871845,1.622939
2002-11-01,18.487006,2.638528
2002-11-04,10.921703,3.031342
2002-11-05,-3.963706,2.041619
2002-11-06,7.722462,1.549123
2002-11-07,-10.073902,1.487702
2002-11-08,-21.924125,3.240504
2002-11-11,-7.747166,1.050204
2002-11-12,8.874062,1.022417
2002-11-13,3.155153,1.308414
2002-11-14,6.627049,0.791594
2002-11-15,7.331004,1.401151
2002-11-18,3.712241,1.284010
2002-11-19,1.431096,1.235122
2002-11-20,5.010878,0.792373
2002-11-21,8.467701,1.244861
2002-11-22,-2.602179,0.736474
2002-11-25,3.625937,0.713029
2002-11-26,-2.701308,0.625649
2002-11-27,7.760267,0.622491
2002-11-29,0.292990,0.297450
2002-12-02,-0.758681,0.683007
2002-12-03,-6.588644,0.629762
2002-12-04,-11.964551,1.397259
2002-12-05,0.929601,1.004455
2002-12-06,0.142040,0.731261
2002-12-09,-7.997478,0.621592
2002-12-10,8.385282,0.979678
2002-12-11,-0.568030,0.961190
2002-12-12,-1.642001,0.918298
2002-12-13,-3.918724,0.507888
2002-12-16,5.891286,0.770436
2002-12-17,-0.142075,0.815210
2002-12-18,-7.643161,0.882541
2002-12-19,-2.165191,0.891500
2002-12-20,1.343252,0.656827
2002-12-23,0.702011,0.428953
2002-12-24,-2.013325,0.267009
2002-12-26,-1.818473,0.667479
2002-12-27,-3.784540,0.662701
2002-12-30,-3.514666,0.753980
2002-12-31,-0.172783,0.783061
2003-01-02,6.949775,1.256116
2003-01-03,0.000000,0.988304
2003-01-06,8.124149,1.042475
2003-01-07,-0.301131,1.555435
2003-01-08,-9.947261,1.889941
2003-01-09,1.757325,1.401954
2003-01-10,1.726976,0.900496
2003-01-13,-0.808074,0.845180
2003-01-14,0.733452,0.884452
2003-01-15,-3.074754,0.913693
2003-01-16,-6.761226,2.076499
2003-01-17,-3.760138,1.027471
2003-01-21,-2.511640,0.941812
2003-01-22,0.096183,0.539945
2003-01-23,2.763813,0.911365
2003-01-24,-5.658312,0.872019
2003-01-27,-1.474936,0.839890
2003-01-28,3.592831,1.673243
2003-01-29,2.023127,0.911538
2003-01-30,-4.060086,0.655785
2003-01-31,1.574442,0.841167
2003-02-03,1.938388,0.679867
2003-02-04,-4.468097,0.572094
2003-02-05,0.895517,0.539960
2003-02-06,0.789344,1.189190
2003-02-07,-4.501726,0.915346
2003-02-10,1.229536,1.009126
2003-02-11,-1.821878,0.871052
2003-02-12,0.515875,0.656679
2003-02-13,1.230771,0.921054
2003-02-14,21.985439,3.679062
2003-02-18,5.730919,1.673494
2003-02-19,0.942606,1.062449
2003-02-20,0.000000,0.903314
2003-02-21,0.078458,0.827091
2003-02-24,1.243845,1.029974
2003-02-25,-0.614750,1.110479
2003-02-26,-4.868617,0.658970
2003-02-27,2.112430,0.624425
2003-02-28,0.398119,1.553658
2003-03-03,-1.664048,0.632653
2003-03-04,-0.806438,0.490656
2003-03-05,1.625015,0.480616
2003-03-06,-1.678654,0.506925
2003-03-07,1.544373,0.538359
2003-03-10,-2.801586,0.329246
2003-03-11,0.741360,0.409482
2003-03-12,2.779695,0.498689
2003-03-13,9.944591,1.401127
2003-03-14,-2.894909,1.084822
2003-03-17,5.812261,1.283528
2003-03-18,-0.774103,1.028026
2003-03-19,0.496560,0.822886
2003-03-20,0.917784,0.923102
2003-03-21,-0.909437,2.013798
2003-03-24,-3.743230,0.960450
2003-03-25,2.861354,0.783574
2003-03-26,2.781702,1.334190
2003-03-27,-2.844648,1.641610
2003-03-28,-4.071467,1.459612
2003-03-31,-4.095875,0.785686
2003-04-01,2.950634,0.617079
2003-04-02,3.695043,0.892549
2003-04-03,1.309079,0.801059
2003-04-04,-3.876554,0.580577
2003-04-07,1.045866,0.761334
2003-04-08,-0.960526,0.528985
2003-04-09,-0.522980,0.770628
2003-04-10,0.525729,0.399711
2003-04-11,-1.119400,0.434599
2003-04-14,1.735259,0.540344
2003-04-15,-0.518997,0.626963
2003-04-16,0.000000,0.884450
2003-04-17,1.789698,0.687237
2003-04-21,2.564422,0.801789
2003-04-22,1.285674,1.140269
2003-04-23,2.256143,0.881174
2003-04-24,-2.965231,0.965372
2003-04-25,-3.695554,1.335782
2003-04-28,3.025205,1.059854
2003-04-29,3.080827,1.106025
2003-04-30,-0.416946,0.770539
2003-05-01,0.628047,1.217782
2003-05-02,10.263228,2.817119
2003-05-05,2.452833,2.425968
2003-05-06,0.123013,1.627532
2003-05-07,-1.594333,1.235281
2003-05-08,0.062062,2.618424
2003-05-09,33.063529,11.385880
2003-05-12,-2.807663,2.398486
2003-05-13,-1.877700,1.316333
2003-05-14,-0.097752,0.663781
2003-05-15,3.437942,0.747856
2003-05-16,0.949819,0.685890
2003-05-19,-5.644394,0.800041
2003-05-20,0.697541,0.567950
2003-05-21,3.515029,0.579862
2003-05-22,0.334579,0.563793
2003-05-23,-0.523944,0.546393
2003-05-27,8.864028,1.056943
2003-05-28,-0.264083,0.754696
2003-05-29,6.840396,1.379675
2003-05-30,8.095666,1.219319
2003-06-02,-5.540551,0.857024
2003-06-03,2.063157,0.876799
2003-06-04,2.378113,0.645154
2003-06-05,2.865026,0.660384
2003-06-06,-3.048578,0.749716
2003-06-09,-1.203680,0.398068
2003-06-10,1.454107,0.406806
2003-06-11,0.077119,0.747609
2003-06-12,-1.509221,0.859026
2003-06-13,-7.780007,1.494303
2003-06-16,2.130569,1.513515
2003-06-17,2.377998,0.767717
2003-06-18,3.830297,0.868922
2003-06-19,-6.082898,0.913520
2003-06-20,-1.045015,0.711845
2003-06-23,-3.547321,0.556680
2003-06-24,-0.218572,0.768154
2003-06-25,0.658152,0.828694
2003-06-26,0.130792,0.755663
2003-06-27,-1.785084,0.588828
2003-06-30,1.551573,0.480423
2003-07-01,4.102851,0.903388
2003-07-02,-0.293385,0.806109
2003-07-03,-1.135383,0.407043
2003-07-07,6.550228,0.836467
2003-07-08,-1.117594,0.623064
2003-07-09,2.301160,0.785450
2003-07-10,-4.104336,0.663625
2003-07-11,0.534816,0.517609
2003-07-14,-0.777537,0.747623
2003-07-15,-3.258966,1.311134
2003-07-16,-1.236831,1.055674
2003-07-17,-5.008807,1.031026
2003-07-18,-3.363276,1.572234
2003-07-21,-1.505345,1.202604
2003-07-22,1.671618,0.708969
2003-07-23,1.314978,0.743719
2003-07-24,-3.894301,1.407036
2003-07-25,1.591943,1.258021
2003-07-28,-3.086650,0.881196
2003-07-29,-6.565047,3.500638
2003-07-30,-1.101177,0.865875
2003-07-31,1.219109,0.995692
2003-08-01,3.300143,0.849045
2003-08-04,3.752737,1.550817
2003-08-05,-0.293263,1.118064
2003-08-06,-4.068832,1.053016
2003-08-07,-1.379617,1.053248
2003-08-08,-19.688759,3.739410
2003-08-11,5.419350,1.430845
2003-08-12,2.019572,0.626241
2003-08-13,0.659371,0.577350
2003-08-14,-3.456268,1.281708
2003-08-15,-0.308887,0.177638
2003-08-18,2.972149,0.612117
2003-08-19,7.637334,1.211275
2003-08-20,-1.397093,0.725190
2003-08-21,2.719513,0.531349
2003-08-22,0.717503,0.842482
2003-08-25,-0.548036,0.364782
2003-08-26,-1.596565,0.653708
2003-08-27,3.021876,0.528175
2003-08-28,-2.607330,0.778484
2003-08-29,1.338582,0.502464
2003-09-02,-0.881026,0.678347
2003-09-03,-1.942891,0.839115
2003-09-04,0.962144,0.738393
2003-09-05,4.767730,1.213333
2003-09-08,4.603386,1.514934
2003-09-09,6.141263,2.819454
2003-09-10,-6.846502,1.494774
2003-09-11,-1.293806,2.737405
2003-09-12,1.468099,1.106613
2003-09-15,-1.653958,0.577462
2003-09-16,3.100580,0.590577
2003-09-17,1.172455,0.862901
2003-09-18,0.755720,0.590986
2003-09-19,-0.800422,0.643069
2003-09-22,-3.931444,0.729678
2003-09-23,0.944392,0.632321
2003-09-24,-7.587999,1.593679
2003-09-25,-1.406490,0.704395
2003-09-26,-3.821781,0.849671
2003-09-29,-5.397164,1.838722
2003-09-30,0.124822,0.904719
2003-10-01,0.814585,0.766888
2003-10-02,1.552575,0.748865
2003-10-03,2.629677,0.749544
2003-10-06,-0.774473,0.332383
2003-10-07,0.900919,0.473760
2003-10-08,-3.512160,0.755461
2003-10-09,1.419076,0.900368
2003-10-10,1.764229,0.482087
2003-10-13,1.015699,0.529534
2003-10-14,1.834786,0.766756
2003-10-15,-1.278803,0.864894
2003-10-16,1.236028,0.555239
2003-10-17,-3.139546,0.577838
2003-10-20,2.221384,0.594546
2003-10-21,3.053226,0.981888
2003-10-22,-1.709413,0.796900
2003-10-23,-0.464003,0.618337
2003-10-24,-0.349411,0.624453
2003-10-27,0.525949,0.366911
2003-10-28,6.279103,1.569910
2003-10-29,0.000000,0.815522
2003-10-30,-1.859767,0.990906
2003-10-31,-1.449419,1.044311
2003-11-03,1.866463,1.382788
2003-11-04,0.333136,1.209747
2003-11-05,0.387867,1.497776
2003-11-06,0.165368,1.971885
2003-11-07,19.702584,7.012556
2003-11-10,-0.275905,1.501116
2003-11-11,-2.489620,0.945883
2003-11-12,1.323703,0.723564
2003-11-13,0.047018,0.683266
2003-11-14,-5.923859,1.037799
2003-11-17,-1.041146,0.683625
2003-11-18,-1.452508,1.121369
2003-11-19,2.795914,0.633600
2003-11-20,-2.670635,0.827300
2003-11-21,0.406710,0.598642
2003-11-24,6.021842,1.031111
2003-11-25,1.718398,0.869247
2003-11-26,0.094063,0.457525
2003-11-28,-0.468656,0.220064
2003-12-01,1.413092,0.574081
2003-12-02,-0.418027,0.628547
2003-12-03,-1.026484,0.785042
2003-12-04,-0.518018,0.576805
2003-12-05,-3.221418,0.631242
2003-12-08,0.734239,0.398282
2003-12-09,-5.199445,0.908270
2003-12-10,2.204419,0.905591
2003-12-11,5.064793,1.127280
2003-12-12,-0.524676,1.129647
2003-12-15,-2.015311,0.994346
2003-12-16,1.370945,0.981596
2003-12-17,-1.932148,0.814083
2003-12-18,2.265818,0.742121
2003-12-19,1.493059,1.575674
2003-12-22,0.142391,0.628220
2003-12-23,4.075996,1.241327
2003-12-24,-0.728389,0.369039
2003-12-26,4.311730,0.673058
2003-12-29,4.221635,1.407797
2003-12-30,0.211117,0.975056
2003-12-31,-2.316100,0.878298
2004-01-02,-0.517239,0.776129
2004-01-05,3.249552,1.048621
2004-01-06,4.070849,1.983265
2004-01-07,0.886933,1.164497
2004-01-08,0.359718,0.729532
2004-01-09,1.433714,1.307398
2004-01-12,1.138702,0.908997
2004-01-13,-5.163322,1.470960
2004-01-14,-0.736788,0.912912
2004-01-15,0.165229,1.027401
2004-01-16,1.523113,0.761343
2004-01-20,2.798068,0.825374
2004-01-21,-4.615379,0.833108
2004-01-22,-2.316126,1.058240
2004-01-23,-2.243504,0.825988
2004-01-26,3.940898,0.688138
2004-01-27,-5.708500,1.607082
2004-01-28,-0.265125,1.008946
2004-01-29,-2.924248,1.542614
2004-01-30,1.552179,0.750402
2004-02-02,1.617982,0.904472
2004-02-03,-0.354047,0.667462
2004-02-04,-2.707277,0.706296
2004-02-05,1.505462,0.566896
2004-02-06,2.292116,0.828644
2004-02-09,-0.703342,0.655636
2004-02-10,3.672792,0.925386
2004-02-11,3.499588,1.343465
2004-02-12,-3.010174,1.796098
2004-02-13,-0.935169,3.096843
2004-02-17,1.115519,0.927200
2004-02-18,0.000000,0.510421
2004-02-19,-0.042271,1.019379
2004-02-20,2.505474,0.987626
2004-02-23,-3.479682,1.362097
2004-02-24,-3.991451,1.098224
2004-02-25,0.581018,0.987514
2004-02-26,0.666636,0.533455
2004-02-27,-1.765821,0.940580
2004-03-01,1.483108,0.821830
2004-03-02,-1.860039,1.315094
2004-03-03,-1.308830,0.875447
2004-03-04,2.194818,0.648070
2004-03-05,-0.715739,0.557433
2004-03-08,-3.470250,0.729340
2004-03-09,-0.700212,0.582330
2004-03-10,-1.457314,0.755765
2004-03-11,-0.763697,0.828472
2004-03-12,2.115581,0.604327
2004-03-15,-2.259891,0.707271
2004-03-16,4.287232,1.128967
2004-03-17,2.447721,0.989190
2004-03-18,1.127453,0.976885
2004-03-19,-1.159301,0.846040
2004-03-22,-0.766999,1.094041
2004-03-23,0.409116,1.122212
2004-03-24,4.481672,1.553907
2004-03-25,5.806060,1.942097
2004-03-26,-0.286473,1.010197
2004-03-29,4.312129,1.812603
2004-03-30,2.991940,1.276790
2004-03-31,0.917440,1.073443
2004-04-01,-1.780439,2.331332
2004-04-02,1.427182,1.062888
2004-04-05,3.574021,0.921258
2004-04-06,-4.038332,0.988091
2004-04-07,-0.535292,0.695159
2004-04-08,2.845862,0.695793
2004-04-12,-1.869542,0.694953
2004-04-13,-2.325018,0.689707
2004-04-14,0.507497,0.796358
2004-04-15,-5.240628,1.296571
2004-04-16,-3.277534,1.001555
2004-04-19,-0.127081,0.791902
2004-04-20,-4.240708,0.774175
2004-04-21,0.132903,1.042810
2004-04-22,0.574772,1.044052
2004-04-23,2.198901,0.671010
2004-04-26,-3.915968,0.678178
2004-04-27,-0.850712,0.787732
2004-04-28,-0.406475,0.777035
2004-04-29,-2.766263,1.092434
2004-04-30,-4.291237,0.865726
2004-05-03,-1.267258,1.105974
2004-05-04,6.367238,1.403815
2004-05-05,0.835254,0.829097
2004-05-06,0.828389,1.288694
2004-05-07,0.776094,1.692905
2004-05-10,-3.895114,1.132773
2004-05-11,2.450912,0.664440
2004-05-12,-1.379960,0.804181
2004-05-13,0.326317,0.581576
2004-05-14,0.000000,0.799255
2004-05-17,-1.580487,0.546226
2004-05-18,1.605867,0.369144
2004-05-19,-0.232666,0.925649
2004-05-20,-1.444342,0.797107
2004-05-21,0.236608,0.547684
2004-05-24,-0.330600,0.594936
2004-05-25,4.354221,1.360992
2004-05-26,2.040848,1.028768
2004-05-27,0.310910,1.085547
2004-05-28,3.899300,1.255213
2004-06-01,-0.085395,0.618872
2004-06-02,-0.768299,1.287846
2004-06-03,-4.817024,1.420180
2004-06-04,-0.994470,1.285582
2004-06-07,2.419145,1.138865
2004-06-08,-1.782347,1.273358
2004-06-09,-4.673665,1.037614
2004-06-10,-0.999510,1.163492
2004-06-14,-3.124630,0.868080
2004-06-15,1.488821,0.800145
2004-06-16,-1.564970,0.515546
2004-06-17,-1.986877,0.990238
2004-06-18,0.152032,1.066476
2004-06-21,-1.771448,0.530133
2004-06-22,2.833402,0.869157
2004-06-23,1.703790,0.526690
2004-06-24,-0.886673,1.179773
2004-06-25,0.645904,0.663398
2004-06-28,-0.839722,0.615562
2004-06-29,3.436270,0.768451
2004-06-30,-1.444357,0.716141
2004-07-01,-4.591903,1.098401
2004-07-02,-1.382499,0.650504
2004-07-06,-5.867317,1.328470
2004-07-07,0.496445,0.801416
2004-07-08,-3.073104,1.028796
2004-07-09,-4.303981,2.726461
2004-07-12,-2.307649,1.537932
2004-07-13,-0.181766,1.273953
2004-07-14,-4.429364,1.993500
2004-07-15,-0.698681,1.279983
2004-07-16,-2.940922,0.937719
2004-07-19,1.120196,0.932093
2004-07-20,2.019265,0.695584
2004-07-21,-6.066664,1.239809
2004-07-22,2.107912,1.034803
2004-07-23,-2.663625,0.718892
2004-07-26,-2.803827,0.994867
2004-07-27,3.306944,1.535229
2004-07-28,-2.520168,0.937076
2004-07-29,6.568581,1.368548
2004-07-30,1.114967,0.712442
2004-08-02,1.297300,0.749190
2004-08-03,-5.185639,1.305022
2004-08-04,1.080078,0.880818
2004-08-05,-2.739074,1.470673
2004-08-06,-35.233610,8.394761
2004-08-09,4.453882,1.961930
2004-08-10,7.918783,2.413775
2004-08-11,-2.915864,1.042723
2004-08-12,-2.325585,0.705583
2004-08-13,4.166630,0.877485
2004-08-16,-0.951985,0.561409
2004-08-17,5.480742,0.783565
2004-08-18,6.654153,0.898629
2004-08-19,-0.341545,0.736341
2004-08-20,5.917600,1.206355
2004-08-23,2.186286,0.772740
2004-08-24,-3.724582,0.894554
2004-08-25,4.279504,0.682003
2004-08-26,0.236810,0.573471
2004-08-27,1.889727,0.532281
2004-08-30,-3.322718,0.587096
2004-08-31,-0.399997,0.543517
2004-09-01,1.926197,0.551795
2004-09-02,4.095119,0.715300
2004-09-03,-3.026317,0.666966
2004-09-07,-1.872061,0.852268
2004-09-08,-2.066169,1.029810
2004-09-09,9.983726,1.732508
2004-09-10,3.837366,1.355532
2004-09-13,1.918943,1.231252
2004-09-14,0.418394,0.861343
2004-09-15,-5.555813,1.452730
2004-09-16,3.749987,0.985270
2004-09-17,4.111162,1.225620
2004-09-20,-0.136398,0.953954
2004-09-21,2.658469,0.619989
2004-09-22,-4.647805,0.784403
2004-09-23,0.904992,0.739713
2004-09-24,-3.036861,0.614483
2004-09-27,-1.779041,0.528445
2004-09-28,1.449577,0.624482
2004-09-29,2.428242,0.713722
2004-09-30,1.255236,0.825996
2004-10-01,4.132225,0.785521
2004-10-04,2.843646,0.907488
2004-10-05,-2.250319,0.854981
2004-10-06,0.394766,0.677434
2004-10-07,0.589817,1.109903
2004-10-08,-5.472325,0.999187
2004-10-11,0.137277,0.552467
2004-10-12,-1.445280,1.278580
2004-10-13,-0.628530,1.028493
2004-10-14,-3.021467,0.815194
2004-10-15,-2.753952,2.082819
2004-10-18,1.788399,0.913069
2004-10-19,-0.658841,1.001449
2004-10-20,1.179628,0.866664
2004-10-21,2.257561,1.637993
2004-10-22,-5.412842,1.071266
2004-10-25,0.451825,0.812473
2004-10-26,8.620346,3.735260
2004-10-27,2.760252,1.419735
2004-10-28,-1.074287,0.716864
2004-10-29,-1.765353,0.951849
2004-11-01,2.142922,0.829748
2004-11-02,1.420806,1.392216
2004-11-03,0.933434,1.123636
2004-11-04,1.851169,1.198324
2004-11-05,14.470835,4.578592
2004-11-08,1.076858,0.719747
2004-11-09,-0.616476,0.606432
2004-11-10,0.000000,0.642630
2004-11-11,1.974679,0.505100
2004-11-12,0.166010,0.644852
2004-11-15,1.491739,0.552052
2004-11-16,-0.326618,0.487397
2004-11-17,1.693515,0.626181
2004-11-18,1.288926,0.551413
2004-11-19,0.530053,2.257741
2004-11-22,2.848062,0.723905
2004-11-23,0.410464,0.661107
2004-11-24,0.408148,0.458404
2004-11-26,1.017538,0.388582
2004-11-29,-1.963792,0.789560
2004-11-30,-1.746025,0.647650
2004-12-01,2.509126,0.580561
2004-12-02,1.325435,0.884956
2004-12-03,4.328331,1.585649
2004-12-06,4.775724,1.119016
2004-12-07,5.018213,4.046500
2004-12-08,1.183703,1.046713
2004-12-09,-0.909883,1.027579
2004-12-10,1.924071,0.761057
2004-12-13,-2.745427,0.853098
2004-12-14,2.028994,0.589874
2004-12-15,0.907864,0.498303
2004-12-16,1.328016,1.758871
2004-12-17,-2.494390,1.330608
2004-12-20,-1.084458,0.949393
2004-12-21,0.745463,1.015963
2004-12-22,0.130547,0.472077
2004-12-23,0.260772,0.416637
2004-12-27,-0.867107,0.351148
2004-12-28,-0.524737,0.333047
2004-12-29,0.879306,0.344737
2004-12-30,-0.392146,0.308984
2004-12-31,3.061953,0.695508
2005-01-03,0.085030,1.302484
2005-01-04,-4.707392,0.981699
2005-01-05,0.934626,0.910634
2005-01-06,-0.969831,0.821731
2005-01-07,-1.914881,1.138311
2005-01-10,0.227157,0.871469
2005-01-11,-3.079920,1.653220
2005-01-12,-0.841100,1.557577
2005-01-13,1.037130,1.272366
2005-01-14,0.326317,0.786534
2005-01-18,1.580469,0.681002
2005-01-19,-2.287962,0.521951
2005-01-20,0.233788,1.038131
2005-01-21,0.187307,0.987986
2005-01-24,-4.011370,0.757278
2005-01-25,1.749270,0.712456
2005-01-26,1.289390,0.687977
2005-01-27,8.015276,1.590367
2005-01-28,-0.130946,1.007547
2005-01-31,0.174662,0.819950
2005-02-01,1.875883,0.739396
2005-02-02,5.567854,3.093502
2005-02-03,-1.054964,0.958207
2005-02-04,5.740238,1.122428
2005-02-07,-1.202324,0.713943
2005-02-08,0.981463,0.634288
2005-02-09,-3.497866,1.100213
2005-02-10,2.335725,0.864382
2005-02-11,2.912398,0.825545
2005-02-14,-2.103548,0.658902
2005-02-15,0.898624,1.151624
2005-02-16,-0.348422,0.702348
2005-02-17,-0.893734,1.517053
2005-02-18,10.819319,4.542504
2005-02-22,1.273435,1.740531
2005-02-23,-3.248365,1.281989
2005-02-24,2.635697,0.774871
2005-02-25,1.441853,0.576509
2005-02-28,0.520108,0.854644
2005-03-01,-0.241340,0.827007
2005-03-02,-2.939009,1.052671
2005-03-03,-1.353880,0.825636
2005-03-04,-0.433360,0.690995
2005-03-07,1.015441,0.598909
2005-03-08,-5.062846,1.588538
2005-03-09,-2.609684,1.035090
2005-03-10,-0.038661,0.764165
2005-03-11,-2.253174,0.815999
2005-03-14,2.821630,0.633067
2005-03-15,-2.009920,0.418005
2005-03-16,-1.696080,0.593644
2005-03-17,-1.003531,0.496640
2005-03-18,-2.026467,0.718022
2005-03-21,3.433716,0.751348
2005-03-22,-1.800046,0.833814
2005-03-23,2.159049,1.030420
2005-03-24,0.199540,1.257208
2005-03-28,-1.114539,0.733613
2005-03-29,-2.213120,0.843830
2005-03-30,0.000000,1.248887
2005-03-31,-2.222240,0.747223
2005-04-01,-0.968164,0.759828
2005-04-04,-0.594651,0.638844
2005-04-05,-1.753047,0.660630
2005-04-06,1.523266,0.877028
2005-04-07,1.842896,0.831736
2005-04-08,-1.304550,1.055963
2005-04-11,-1.961955,0.561129
2005-04-12,1.218297,0.906568
2005-04-13,-4.168792,0.886804
2005-04-14,-0.807224,0.619813
2005-04-15,-3.480602,1.127537
2005-04-18,-0.702570,0.832546
2005-04-19,3.490160,0.652652
2005-04-20,-3.053583,1.035124
2005-04-21,5.547491,0.991810
2005-04-22,-0.935417,0.630836
2005-04-25,1.573953,0.628033
2005-04-26,-0.442524,0.710618
2005-04-27,-3.824100,1.255750
2005-04-28,0.323451,0.788843
2005-04-29,1.060119,1.027596
2005-05-02,-0.364982,0.721956
2005-05-03,-0.549241,0.956367
2005-05-04,3.175383,1.019092
2005-05-05,1.962698,1.360737
2005-05-06,1.355918,0.772069
2005-05-09,1.856201,1.665710
2005-05-10,-3.898472,1.569751
2005-05-11,-1.675664,1.158457
2005-05-12,2.197676,1.732503
2005-05-13,11.144832,5.232887
2005-05-16,0.355370,1.093208
2005-05-17,1.101781,1.036905
2005-05-18,0.739134,0.872067
2005-05-19,-0.193327,0.718836
2005-05-20,1.780533,0.826215
2005-05-23,2.319263,1.108502
2005-05-24,1.412243,0.798377
2005-05-25,-1.282668,0.807935
2005-05-26,2.820943,1.197277
2005-05-27,-0.649816,0.474892
2005-05-31,-1.526184,1.135973
2005-06-01,0.922829,1.149144
2005-06-02,3.729454,0.962386
2005-06-03,-0.247054,0.775234
2005-06-06,-0.954052,0.713450
2005-06-07,-2.425696,1.340405
2005-06-08,-0.695007,0.838161
2005-06-09,4.197365,0.846444
2005-06-10,-1.130461,0.632274
2005-06-13,2.215601,1.966224
2005-06-14,-5.908966,3.676698
2005-06-15,-0.297452,2.249591
2005-06-16,0.521983,0.616356
2005-06-17,-0.222482,0.577129
2005-06-20,1.523718,0.766297
2005-06-21,0.951405,0.538346
2005-06-22,-0.108774,0.896485
2005-06-23,1.561088,1.058798
2005-06-24,-3.180965,0.590421
2005-06-27,-0.811987,0.448889
2005-06-28,0.632373,0.331399
2005-06-29,-0.924364,0.369970
2005-06-30,-0.261188,0.800778
2005-07-01,0.449113,0.428064
2005-07-05,1.564838,0.536489
2005-07-06,2.677767,0.980236
2005-07-07,-0.714704,0.661514
2005-07-08,1.259636,0.585847
2005-07-11,1.492493,0.582296
2005-07-12,-0.560077,0.826399
2005-07-13,0.140741,0.928617
2005-07-14,-4.430419,3.403840
2005-07-15,-1.067119,2.184930
2005-07-18,-2.491454,1.751395
2005-07-19,1.372974,0.827260
2005-07-20,1.504772,0.846968
2005-07-21,-1.704835,0.948898
2005-07-22,-2.601793,1.125596
2005-07-25,0.580694,1.586957
2005-07-26,2.078532,1.187970
2005-07-27,2.036194,1.224790
2005-07-28,0.776048,0.598742
2005-07-29,-0.770072,0.507282
2005-08-01,1.515279,0.571156
2005-08-02,1.346779,0.617155
2005-08-03,0.000000,0.754871
2005-08-04,-1.041793,0.526258
2005-08-05,2.541106,1.018293
2005-08-08,0.353855,1.058254
2005-08-09,-0.246747,0.415867
2005-08-10,-1.485144,0.640073
2005-08-11,1.399810,1.030823
2005-08-12,6.017440,3.689901
2005-08-15,2.537817,1.306532
2005-08-16,-1.693526,0.954923
2005-08-17,0.000000,0.902031
2005-08-18,-2.583644,1.214161
2005-08-19,-0.714006,0.612797
2005-08-22,-0.821927,0.810495
2005-08-23,0.656357,0.389210
2005-08-24,0.068322,0.818762
2005-08-25,0.685786,0.482972
2005-08-26,-1.532186,0.531848
2005-08-29,0.173011,0.565977
2005-08-30,3.589678,1.569797
2005-08-31,2.232838,1.437654
2005-09-01,0.032442,0.856508
2005-09-02,-1.629319,0.711600
2005-09-06,0.828356,0.651430
2005-09-07,3.186502,0.926929
2005-09-08,1.177787,0.995294
2005-09-09,1.290298,0.688811
2005-09-12,-0.341822,0.860143
2005-09-13,3.023887,1.525908
2005-09-14,-1.210509,0.901046
2005-09-15,1.776652,1.376281
2005-09-16,0.059928,0.928854
2005-09-19,-1.413275,0.786623
2005-09-20,1.952288,0.958496
2005-09-21,-0.867873,1.151051
2005-09-22,-2.686144,1.314955
2005-09-23,1.457624,0.548786
2005-09-26,0.825395,0.708365
2005-09-27,0.333682,0.698739
2005-09-28,0.604467,0.608057
2005-09-29,2.072685,0.930550
2005-09-30,0.882912,0.862442
2005-10-03,2.741978,1.043208
2005-10-04,-1.305924,0.968668
2005-10-05,-3.308628,1.118536
2005-10-06,-0.357023,1.278357
2005-10-07,-1.283906,1.025524
2005-10-10,-2.540755,0.845546
2005-10-11,-1.241426,1.003374
2005-10-12,1.194000,1.258684
2005-10-13,-0.527724,0.960573
2005-10-14,0.000000,0.601245
2005-10-17,0.967744,0.480845
2005-10-18,-1.638935,0.602027
2005-10-19,-0.848816,1.306073
2005-10-20,0.697789,0.737577
2005-10-21,0.566679,0.636923
2005-10-24,2.723911,0.622301
2005-10-25,0.640074,0.724650
2005-10-26,-2.725629,0.906120
2005-10-27,-2.086215,0.493609
2005-10-28,3.084556,1.039029
2005-10-31,3.485235,0.966351
2005-11-01,-1.221800,0.906895
2005-11-02,5.793570,1.201337
2005-11-03,-1.169532,1.076236
2005-11-04,-1.702849,1.354233
2005-11-07,-0.440391,0.878683
2005-11-08,-1.857855,1.290623
2005-11-09,4.507223,1.961159
2005-11-10,-3.709025,5.882428
2005-11-11,1.642465,1.039218
2005-11-14,2.115201,0.919206
2005-11-15,0.229923,0.902925
2005-11-16,-0.344419,0.813922
2005-11-17,4.435662,1.277883
2005-11-18,-0.193248,0.820709
2005-11-21,1.768683,0.789569
2005-11-22,2.660642,1.252753
2005-11-23,-0.290726,0.682118
2005-11-25,0.981348,0.193251
2005-11-28,-0.499001,0.709670
2005-11-29,-6.335782,1.749660
2005-11-30,1.888247,0.918176
2005-12-01,1.189389,0.884425
2005-12-02,0.027577,0.524754
2005-12-05,-1.858567,0.614565
2005-12-06,0.417714,0.603554
2005-12-07,0.166399,0.567028
2005-12-08,-0.802988,0.631140
2005-12-09,1.423386,0.444808
2005-12-12,1.458553,0.586927
2005-12-13,1.301853,0.952024
2005-12-14,-0.937175,0.620562
2005-12-15,-1.270090,0.734802
2005-12-16,0.875826,2.385599
2005-12-19,-1.655240,0.628868
2005-12-20,-0.055306,0.667267
2005-12-21,-0.193182,0.645065
2005-12-22,3.042966,0.746409
2005-12-23,0.778345,0.508609
2005-12-27,0.612817,0.862352
2005-12-28,0.926722,0.623816
2005-12-29,-2.230025,0.806528
2005-12-30,-1.904783,0.617741
2006-01-03,4.540395,1.331607
2006-01-04,2.799640,1.409096
2006-01-05,2.265008,1.755191
2006-01-06,1.642668,1.633421
2006-01-09,2.791384,1.418295
2006-01-10,0.023983,0.841008
2006-01-11,3.619688,1.536148
2006-01-12,-1.424791,1.165976
2006-01-13,-0.886063,0.985318
2006-01-17,-0.070539,0.758136
2006-01-18,0.517786,1.059567
2006-01-19,5.550326,2.265335
2006-01-20,-2.795585,1.061327
2006-01-23,0.570781,0.756299
2006-01-24,0.499209,0.873789
2006-01-25,-0.880740,0.892196
2006-01-26,3.417658,0.980245
2006-01-27,1.894781,0.833564
2006-01-30,-1.124502,0.674807
2006-01-31,-1.683629,0.821098
2006-02-01,0.066695,0.947239
2006-02-02,-3.045208,0.997620
2006-02-03,0.916942,1.065960
2006-02-06,2.817081,0.780045
2006-02-07,-3.557281,0.881770
2006-02-08,2.886570,0.883491
2006-02-09,-1.692193,0.976589
2006-02-10,-0.566411,0.947224
2006-02-13,0.341688,0.646728
2006-02-14,0.181682,0.801630
2006-02-15,1.926040,1.153313
2006-02-16,4.935570,3.041276
2006-02-17,0.571977,5.249993
2006-02-21,-2.127472,1.258129
2006-02-22,-0.172282,1.674634
2006-02-23,-1.530919,0.654185
2006-02-24,-0.021815,0.708234
2006-02-27,4.051802,1.136663
2006-02-28,-0.799957,0.938221
2006-03-01,3.798128,1.148741
2006-03-02,0.142990,0.867518
2006-03-03,0.347099,0.940505
2006-03-06,-0.203591,0.827120
2006-03-07,-1.712148,0.945965
2006-03-08,-0.497756,1.027309
2006-03-09,0.521239,0.805206
2006-03-10,-1.741658,0.774180
2006-03-13,1.202756,0.548913
2006-03-14,2.773072,0.928962
2006-03-15,1.602666,0.736635
2006-03-16,-3.394387,0.810211
2006-03-17,0.806108,0.877030
2006-03-20,-0.758806,0.437841
2006-03-21,4.938081,2.175905
2006-03-22,-2.874640,1.945985
2006-03-23,1.865028,1.091840
2006-03-24,3.383204,1.109303
2006-03-27,2.694744,1.027956
2006-03-28,1.537150,1.256293
2006-03-29,5.371987,1.531400
2006-03-30,0.683257,1.614181
2006-03-31,-0.365416,1.220470
2006-04-03,1.117633,1.390902
2006-04-04,4.680417,1.670755
2006-04-05,0.808543,1.487290
2006-04-06,0.196462,1.024504
2006-04-07,-0.261504,0.871798
2006-04-10,-1.735936,0.801687
2006-04-11,-2.433409,0.872981
2006-04-12,4.031522,0.740537
2006-04-13,-2.791527,0.908949
2006-04-17,0.270374,0.540761
2006-04-18,-2.358547,1.435181
2006-04-19,0.621128,0.604761
2006-04-20,-0.137240,0.674194
2006-04-21,-3.605769,0.975351
2006-04-24,3.063891,0.851513
2006-04-25,-0.069240,0.906138
2006-04-26,-0.691704,0.414331
2006-04-27,1.602266,0.597757
2006-04-28,0.171301,0.380511
2006-05-01,5.749499,1.272217
2006-05-02,-0.129500,0.757245
2006-05-03,0.648217,0.546997
2006-05-04,-0.644042,0.786194
2006-05-05,1.360990,0.545425
2006-05-08,-0.447480,0.842909
2006-05-09,-3.050719,0.954326
2006-05-10,-2.219334,1.287853
2006-05-11,-3.556882,2.044586
2006-05-12,-7.516800,2.539143
2006-05-15,1.443406,0.839613
2006-05-16,-2.620840,0.748658
2006-05-17,-4.036892,1.332569
2006-05-18,-4.527176,1.060837
2006-05-19,2.098148,1.426204
2006-05-22,-1.356365,1.109783
2006-05-23,-1.083253,0.800363
2006-05-24,1.305664,0.883797
2006-05-25,-0.540400,0.634071
2006-05-26,0.208947,0.442271
2006-05-30,-4.171961,0.673150
2006-05-31,0.043620,0.929206
2006-06-01,5.221933,0.830243
2006-06-02,-1.447412,1.028721
2006-06-05,-4.196468,0.876359
2006-06-06,-2.671983,1.220620
2006-06-07,-1.799986,0.817970
2006-06-08,-1.833346,1.056678
2006-06-09,-0.326841,0.628502
2006-06-12,-5.526729,0.710599
2006-06-13,-1.537040,0.892579
2006-06-14,2.920532,0.806739
2006-06-15,8.757179,1.407889
2006-06-16,-2.564079,0.846759
2006-06-19,-3.000797,0.662876
2006-06-20,-1.570725,0.959978
2006-06-21,1.112112,0.804764
2006-06-22,-2.917367,0.979199
2006-06-23,0.049405,0.619269
2006-06-26,-0.935590,0.524781
2006-06-27,-3.180702,1.134825
2006-06-28,5.544084,1.531365
2006-06-29,4.523342,1.236915
2006-06-30,-0.930831,0.830980
2006-07-03,1.456139,0.315788
2006-07-05,-4.490822,0.862673
2006-07-06,-3.102073,0.914444
2006-07-07,-3.101742,1.061381
2006-07-10,-4.336630,0.899012
2006-07-11,3.346119,1.198127
2006-07-12,-4.804388,0.907306
2006-07-13,-2.578038,1.071394
2006-07-14,-0.506754,1.127243
2006-07-17,0.792199,1.017199
2006-07-18,5.446515,1.981360
2006-07-19,4.366444,2.015036
2006-07-20,-1.989811,0.919571
2006-07-21,-7.496123,1.146232
2006-07-24,10.073076,1.761577
2006-07-25,3.527625,0.972196
2006-07-26,0.000000,0.818517
2006-07-27,1.431993,1.158231
2006-07-28,10.370021,1.375962
2006-07-31,-2.337827,0.993072
2006-08-01,-4.019743,0.992943
2006-08-02,7.670357,1.207842
2006-08-03,6.293767,1.388467
2006-08-04,-1.356956,1.235253
2006-08-07,-1.166968,0.644947
2006-08-08,2.657120,0.917467
2006-08-09,-0.041172,0.864281
2006-08-10,-0.698665,1.570425
2006-08-11,-3.145754,2.260407
2006-08-14,-0.512801,1.063839
2006-08-15,9.621878,1.162337
2006-08-16,7.170813,1.332680
2006-08-17,-1.572061,1.056065
2006-08-18,1.634425,0.846736
2006-08-21,-3.691483,0.634774
2006-08-22,-0.151853,0.620422
2006-08-23,-0.075927,0.639650
2006-08-24,1.026969,0.343895
2006-08-25,-0.301335,0.323489
2006-08-28,3.436655,1.080119
2006-08-29,4.527256,1.016224
2006-08-30,2.060672,0.943093
2006-08-31,-0.376365,0.711166
2006-09-01,-4.191132,0.865389
2006-09-05,2.187236,0.796927
2006-09-06,-5.017492,0.710175
2006-09-07,1.994836,1.078623
2006-09-08,0.325988,0.643096
2006-09-11,1.552195,0.899124
2006-09-12,2.630795,0.810278
2006-09-13,0.796608,0.794355
2006-09-14,-0.377951,0.741516
2006-09-15,1.966209,1.185112
2006-09-18,3.788765,1.470044
2006-09-19,-2.607483,1.295736
2006-09-20,3.647973,0.919265
2006-09-21,-0.807322,0.964863
2006-09-22,-2.962298,1.163710
2006-09-25,3.589556,1.178016
2006-09-26,-2.105097,0.855412
2006-09-27,-0.297677,0.978349
2006-09-28,-1.891170,1.109523
2006-09-29,0.067768,0.642716
2006-10-02,-2.534642,1.126250
2006-10-03,-1.872393,1.573259
2006-10-04,9.823259,2.454972
2006-10-05,-2.831485,1.030277
2006-10-06,2.417302,0.928677
2006-10-09,6.433942,1.442120
2006-10-10,-2.278258,0.941893
2006-10-11,0.559548,0.719863
2006-10-12,0.401689,0.619191
2006-10-13,3.971737,0.873134
2006-10-16,-0.177752,0.719394
2006-10-17,-3.826714,0.809950
2006-10-18,-2.652596,1.283602
2006-10-19,1.901122,0.720534
2006-10-20,-1.150587,0.550325
2006-10-23,-0.660569,0.438905
2006-10-24,2.913368,0.839857
2006-10-25,0.923058,0.629683
2006-10-26,3.170651,0.602090
2006-10-27,-4.314355,0.952928
2006-10-30,1.204499,0.793173
2006-10-31,6.408254,1.670710
2006-11-01,-7.714444,1.958674
2006-11-02,-0.683566,1.471371
2006-11-03,2.002398,0.918805
2006-11-06,3.036780,1.244648
2006-11-07,1.518295,0.946395
2006-11-08,1.466428,1.115836
2006-11-09,1.994212,2.049340
2006-11-10,-2.408692,2.094132
2006-11-13,4.529590,1.280391
2006-11-14,1.000048,0.918490
2006-11-15,-1.650144,0.713498
2006-11-16,1.286400,0.679455
2006-11-17,0.276013,0.538049
2006-11-20,0.936139,0.905463
2006-11-21,-1.554845,0.562568
2006-11-22,1.717874,0.352282
2006-11-24,0.735538,0.213975
2006-11-27,-4.515912,0.882228
2006-11-28,1.869158,0.723973
2006-11-29,1.473403,0.872640
2006-11-30,1.342506,0.906835
2006-12-01,-3.920096,1.278629
2006-12-04,4.051862,1.018884
2006-12-05,-1.027566,1.080865
2006-12-06,-0.136531,0.784116
2006-12-07,-2.407751,0.803241
2006-12-08,-0.336371,0.944436
2006-12-11,1.715931,0.910837
2006-12-12,-1.023315,1.080356
2006-12-13,1.173505,0.961498
2006-12-14,1.767543,1.417091
2006-12-15,1.763859,1.445926
2006-12-18,1.733276,1.297700
2006-12-19,1.441746,0.997882
2006-12-20,-1.136893,0.563976
2006-12-21,-0.862509,0.681851
2006-12-22,-2.372796,0.678000
2006-12-26,-0.027094,0.409486
2006-12-27,1.323659,0.491192
2006-12-28,-0.719798,0.404669
2006-12-29,-0.617711,0.756579
2007-01-03,-2.512836,2.307617
2007-01-04,-0.471135,1.536430
2007-01-05,-6.265620,2.356089
2007-01-08,0.742780,1.180622
2007-01-09,-1.946395,1.350913
2007-01-10,4.932275,1.913182
2007-01-11,-0.372614,1.523763
2007-01-12,1.352250,1.113230
2007-01-16,0.170286,1.123383
2007-01-17,-2.097019,1.098126
2007-01-18,-8.277755,2.330642
2007-01-19,0.599437,1.381959
2007-01-22,0.000000,1.051601
2007-01-23,0.031423,0.895335
2007-01-24,3.104396,0.952086
2007-01-25,-3.497647,0.837205
2007-01-26,-0.819299,1.108437
2007-01-29,-4.099141,1.616300
2007-01-30,1.921855,0.768175
2007-01-31,-0.357700,0.551029
2007-02-01,1.272430,0.762738
2007-02-02,2.609471,0.708293
2007-02-05,1.632767,0.709245
2007-02-06,3.552716,0.988424
2007-02-07,3.908059,0.962911
2007-02-08,-1.292010,0.919084
2007-02-09,-5.031897,1.216397
2007-02-12,2.205233,1.022797
2007-02-13,1.887857,1.094557
2007-02-14,-1.323503,1.381286
2007-02-15,0.596063,0.609395
2007-02-16,-3.051890,1.218024
2007-02-20,0.886410,0.834228
2007-02-21,-1.484442,0.880071
2007-02-22,0.645758,0.878758
2007-02-23,-0.244369,0.541464
2007-02-26,-1.531556,0.673387
2007-02-27,-3.016964,0.996787
2007-02-28,-0.577289,1.130913
2007-03-01,-1.225905,1.201284
2007-03-02,-2.775864,0.954321
2007-03-05,-3.392811,0.925466
2007-03-06,5.911145,1.118093
2007-03-07,-2.823502,1.108592
2007-03-08,4.121756,1.049946
2007-03-09,-1.005890,0.756092
2007-03-12,-0.590005,0.589632
2007-03-13,-4.220160,0.881030
2007-03-14,-0.482059,1.404504
2007-03-15,-1.003060,0.939640
2007-03-16,-0.943404,0.776930
2007-03-19,0.493748,0.680270
2007-03-20,-0.491323,1.001141
2007-03-21,5.714312,1.929714
2007-03-22,2.202214,1.178816
2007-03-23,-1.110098,0.754103
2007-03-26,0.198103,0.637418
2007-03-27,-1.878116,0.670549
2007-03-28,-1.914045,0.668684
2007-03-29,-1.745981,1.071320
2007-03-30,0.278880,0.873737
2007-04-02,-0.104225,0.607167
2007-04-03,-0.382742,0.732153
2007-04-04,-0.209496,0.573736
2007-04-05,8.117607,2.192567
2007-04-09,-1.812205,1.007733
2007-04-10,-1.021830,1.240361
2007-04-11,-1.798190,1.230064
2007-04-12,2.848398,1.112770
2007-04-13,0.824332,0.972315
2007-04-16,-0.523246,1.024101
2007-04-17,0.953199,1.596638
2007-04-18,1.237579,0.986419
2007-04-19,1.382902,0.817839
2007-04-20,1.173926,0.894607
2007-04-23,-1.630675,0.917892
2007-04-24,3.761672,1.576695
2007-04-25,1.720305,0.748271
2007-04-26,1.238437,0.732037
2007-04-27,-1.342432,0.808668
2007-04-30,-0.544367,0.832304
2007-05-01,1.064128,0.805543
2007-05-02,-1.173237,0.965549
2007-05-03,1.887271,0.722392
2007-05-04,0.716998,0.579403
2007-05-07,-1.987328,0.853091
2007-05-08,0.756446,1.136020
2007-05-09,0.450613,0.646869
2007-05-10,-1.854010,1.281317
2007-05-11,7.068983,2.432191
2007-05-14,-0.996147,1.085544
2007-05-15,-0.890949,0.917943
2007-05-16,1.276002,0.798611
2007-05-17,-1.660985,0.685744
2007-05-18,1.980334,0.943042
2007-05-21,0.314020,1.006695
2007-05-22,0.540939,0.623815
2007-05-23,-2.661484,0.731618
2007-05-24,-3.606772,0.997029
2007-05-25,1.569186,0.502402
2007-05-29,1.069442,0.524671
2007-05-30,0.235109,0.561751
2007-05-31,1.583615,0.830667
2007-06-01,0.692859,0.751676
2007-06-04,0.544794,0.567626
2007-06-05,2.965411,1.240572
2007-06-06,0.747716,1.667401
2007-06-07,-1.072006,1.363229
2007-06-08,1.556098,0.889415
2007-06-11,0.355531,0.741562
2007-06-12,-1.035907,0.991462
2007-06-13,2.396706,1.126981
2007-06-14,1.775593,0.979182
2007-06-15,4.546711,2.086253
2007-06-18,0.050549,1.245415
2007-06-19,0.631822,0.887009
2007-06-20,0.100324,1.504388
2007-06-21,7.827441,2.284102
2007-06-22,1.489083,1.445885
2007-06-25,-2.636430,1.313256
2007-06-26,-4.638518,1.336719
2007-06-27,2.691384,0.905239
2007-06-28,0.961688,0.864240
2007-06-29,-1.619377,0.740925
2007-07-02,4.163699,0.803697
2007-07-03,0.162517,0.334570
2007-07-05,1.067379,0.540473
2007-07-06,0.482095,0.427199
2007-07-09,2.901588,0.843545
2007-07-10,0.976859,0.868245
2007-07-11,-0.439734,0.906902
2007-07-12,1.921387,0.679981
2007-07-13,-0.606764,0.584255
2007-07-16,1.809412,0.858507
2007-07-17,-0.428221,1.065955
2007-07-18,-1.827975,0.914887
2007-07-19,-0.109473,0.673550
2007-07-20,-1.096458,0.865767
2007-07-23,0.997789,0.662071
2007-07-24,-2.634484,0.882711
2007-07-25,-0.473516,0.873954
2007-07-26,0.498349,1.483787
2007-07-27,-0.247948,1.272856
2007-07-30,2.802313,1.110887
2007-07-31,0.593520,1.465425
2007-08-01,-0.743019,1.431987
2007-08-02,-0.440289,0.907704
2007-08-03,-5.926618,1.196522
2007-08-06,0.846266,0.975225
2007-08-07,1.585008,1.052679
2007-08-08,4.612203,1.227904
2007-08-09,1.184498,2.309599
2007-08-10,-4.639010,1.958255
2007-08-13,-1.091168,1.127715
2007-08-14,3.884072,1.736302
2007-08-15,-4.225584,1.067084
2007-08-16,-1.663227,1.184259
2007-08-17,5.896121,1.075910
2007-08-20,-0.399305,0.754860
2007-08-21,5.412062,1.027177
2007-08-22,2.281837,0.798186
2007-08-23,-0.846875,0.933269
2007-08-24,0.520850,0.506764
2007-08-27,2.259000,0.907273
2007-08-28,-6.100424,0.793421
2007-08-29,5.676624,0.771290
2007-08-30,-0.571947,0.674972
2007-08-31,5.094560,1.045069
2007-09-04,3.088315,0.983659
2007-09-05,-0.758485,0.934137
2007-09-06,0.439495,0.601772
2007-09-07,-3.652242,0.866239
2007-09-10,0.276359,1.315735
2007-09-11,2.126397,0.624318
2007-09-12,-3.932907,0.873651
2007-09-13,0.030116,0.745146
2007-09-14,-2.949135,0.818128
2007-09-17,-0.217095,0.645141
2007-09-18,8.763255,1.499606
2007-09-19,-1.828560,0.899578
2007-09-20,-0.582129,0.568861
2007-09-21,0.966080,0.820299
2007-09-24,2.551455,0.833930
2007-09-25,1.272269,0.653558
2007-09-26,2.372945,0.962499
2007-09-27,0.299987,0.705593
2007-09-28,-1.468191,0.765556
2007-10-01,4.221884,0.758427
2007-10-02,-0.953173,0.559950
2007-10-03,-4.250176,0.955437
2007-10-04,0.446668,0.790302
2007-10-05,2.640363,0.722621
2007-10-08,1.624692,0.543755
2007-10-09,-1.758599,0.929978
2007-10-10,0.108482,0.898217
2007-10-11,-4.443227,1.245051
2007-10-12,2.438343,0.956094
2007-10-15,0.719601,0.837589
2007-10-16,0.906849,0.651848
2007-10-17,7.679737,1.815077
2007-10-18,-0.075854,0.840262
2007-10-19,-5.365729,1.245132
2007-10-22,4.733882,1.315823
2007-10-23,0.485174,0.713136
2007-10-24,-3.379934,1.381458
2007-10-25,-8.732213,1.958091
2007-10-26,-0.864566,1.423581
2007-10-29,-2.354649,1.834200
2007-10-30,3.661806,1.130660
2007-10-31,1.608291,0.955212
2007-11-01,0.000000,1.233869
2007-11-02,3.843947,1.011310
2007-11-05,0.000000,0.884427
2007-11-06,3.157337,1.102841
2007-11-07,-4.749358,1.071082
2007-11-08,-6.260388,1.923022
2007-11-09,-1.418439,1.607858
2007-11-12,-9.981989,1.267221
2007-11-13,8.824501,1.246913
2007-11-14,-1.560603,1.101447
2007-11-15,-1.336627,0.823616
2007-11-16,2.236880,0.693796
2007-11-19,-6.748805,0.937303
2007-11-20,-0.760077,1.024107
2007-11-21,-1.065646,1.038539
2007-11-23,1.716612,0.225884
2007-11-26,-2.316362,0.648210
2007-11-27,4.302188,0.785994
2007-11-28,6.690531,1.015033
2007-11-29,0.821891,0.860297
2007-11-30,-4.770552,1.144608
2007-12-03,1.458477,0.855645
2007-12-04,-0.093760,0.648244
2007-12-05,5.192364,1.169312
2007-12-06,2.022030,0.644616
2007-12-07,-1.253311,0.564898
2007-12-10,1.092104,0.630875
2007-12-11,0.116780,1.150083
2007-12-12,3.441234,1.235589
2007-12-13,-2.734723,1.012257
2007-12-14,1.652192,0.728447
2007-12-17,-5.104070,1.059602
2007-12-18,2.554108,0.821634
2007-12-19,0.937593,0.534343
2007-12-20,2.089972,0.613867
2007-12-21,-0.028439,0.990418
2007-12-24,1.763412,0.230018
2007-12-26,1.341493,0.491556
2007-12-27,-3.088798,0.566721
2007-12-28,-0.996011,0.640362
2007-12-31,-2.213286,0.694248
2008-01-02,-2.968867,1.276709
2008-01-03,-0.787631,1.254987
2008-01-04,-8.396904,1.917330
2008-01-07,-10.333373,2.598968
2008-01-08,2.118963,2.640847
2008-01-09,5.169276,1.616217
2008-01-10,-2.076848,1.158121
2008-01-11,-4.383184,1.199605
2008-01-14,6.654351,1.134920
2008-01-15,-7.348389,1.521270
2008-01-16,-11.298125,2.954863
2008-01-17,-1.729226,2.086418
2008-01-18,6.609439,1.586076
2008-01-22,-4.991928,1.155509
2008-01-23,1.822036,1.464102
2008-01-24,7.657078,0.904762
2008-01-25,-3.556270,1.004987
2008-01-28,-1.202371,0.815564
2008-01-29,3.083145,0.571668
2008-01-30,-0.865780,0.724037
2008-01-31,-2.381913,0.789813
2008-02-01,9.231414,0.790159
2008-02-04,-3.127336,0.747027
2008-02-05,-6.264435,0.661708
2008-02-06,-0.328001,0.771608
2008-02-07,0.987306,0.955741
2008-02-08,1.792227,0.570059
2008-02-11,0.320116,0.737515
2008-02-12,3.709618,0.897170
2008-02-13,3.923057,1.086692
2008-02-14,-16.321305,3.193769
2008-02-15,-1.503665,1.135361
2008-02-19,-1.481790,0.793377
2008-02-20,-0.729310,1.106441
2008-02-21,-2.249766,0.935770
2008-02-22,4.837944,1.072438
2008-02-25,-0.044776,0.987175
2008-02-26,0.851634,0.831867
2008-02-27,1.555560,0.791965
2008-02-28,-3.763681,0.734918
2008-02-29,-2.728502,0.790415
2008-03-03,-1.168760,0.658875
2008-03-04,-0.993399,1.155100
2008-03-05,1.146697,0.941115
2008-03-06,-6.282487,1.552806
2008-03-07,-1.461688,1.068386
2008-03-10,-5.728910,1.072640
2008-03-11,3.309804,1.155241
2008-03-12,-2.731096,0.977589
2008-03-13,6.371515,1.591214
2008-03-14,-7.005085,1.460229
2008-03-17,-2.510887,1.083119
2008-03-18,6.214954,1.455673
2008-03-19,-6.905616,1.151704
2008-03-20,4.869739,0.822065
2008-03-24,8.153365,1.152473
2008-03-25,1.447842,0.944925
2008-03-26,-3.198853,0.923501
2008-03-27,-1.423472,0.761880
2008-03-28,1.495617,0.708955
2008-03-31,0.558930,0.716678
2008-04-01,6.114231,0.849492
2008-04-02,-3.047618,0.762862
2008-04-03,-1.866399,1.052387
2008-04-04,-6.006045,1.895860
2008-04-07,2.396197,0.875798
2008-04-08,-0.572029,0.769480
2008-04-09,1.987442,0.819239
2008-04-10,1.948713,1.339967
2008-04-11,-6.790732,1.328823
2008-04-14,-3.345919,0.943386
2008-04-15,1.172511,0.544407
2008-04-16,3.973514,0.818766
2008-04-17,-1.380006,0.776703
2008-04-18,2.368115,0.760243
2008-04-21,4.468969,0.904808
2008-04-22,-1.862108,0.793028
2008-04-23,4.820536,1.390970
2008-04-24,-2.397280,0.875987
2008-04-25,1.002507,0.734981
2008-04-28,-1.786615,0.713464
2008-04-29,2.071764,0.765433
2008-04-30,1.732692,1.435999
2008-05-01,4.622845,1.323633
2008-05-02,4.744199,1.459042
2008-05-05,-2.486675,1.249606
2008-05-06,2.595621,0.952184
2008-05-07,-2.308008,0.929242
2008-05-08,-0.272643,1.761329
2008-05-09,2.642383,2.584674
2008-05-12,-2.840651,1.210299
2008-05-13,-2.055717,1.013091
2008-05-14,2.938441,0.869605
2008-05-15,7.748027,1.341161
2008-05-16,2.649294,1.216325
2008-05-19,-2.089329,1.254743
2008-05-20,-2.594121,0.814358
2008-05-21,-0.816104,1.115239
2008-05-22,2.425242,0.722930
2008-05-23,-2.283290,0.835581
2008-05-27,1.081796,0.855845
2008-05-28,0.941780,0.760869
2008-05-29,-0.254446,0.695607
2008-05-30,5.016991,0.848772
2008-06-02,0.404872,0.758201
2008-06-03,-3.387107,0.885751
2008-06-04,1.168607,0.881065
2008-06-05,2.516548,0.872227
2008-06-06,-3.179129,0.822080
2008-06-09,-1.537778,0.688903
2008-06-10,-5.909661,1.430705
2008-06-11,-4.665791,1.152351
2008-06-12,0.611782,0.944465
2008-06-13,-0.327428,0.803536
2008-06-16,-1.360882,0.737149
2008-06-17,-2.426261,0.826555
2008-06-18,-2.925384,1.317211
2008-06-19,-0.251151,0.953246
2008-06-20,-0.503541,0.915571
2008-06-23,-2.074870,0.956736
2008-06-24,3.307520,1.331300
2008-06-25,0.550275,1.095098
2008-06-26,-5.124419,1.018471
2008-06-27,1.101223,0.697230
2008-06-30,-2.904553,0.792178
2008-07-01,0.160245,1.073046
2008-07-02,-3.839990,0.926773
2008-07-03,-30.726580,3.642998
2008-07-07,-3.122484,2.373450
2008-07-08,-0.578536,1.807194
2008-07-09,-1.745609,1.336564
2008-07-10,-0.253811,0.990888
2008-07-11,-1.017816,0.755205
2008-07-14,-4.541559,0.825614
2008-07-15,1.077192,1.041742
2008-07-16,0.532879,0.938559
2008-07-17,0.353366,0.770106
2008-07-18,1.760529,0.811091
2008-07-21,0.605516,0.512673
2008-07-22,-2.149595,0.502398
2008-07-23,2.987702,0.543014
2008-07-24,-5.887330,0.658662
2008-07-25,4.805027,0.979334
2008-07-28,-0.259508,0.685941
2008-07-29,1.040768,0.708801
2008-07-30,-1.459257,0.542735
2008-07-31,-0.348396,0.455505
2008-08-01,-5.244745,0.834446
2008-08-04,-2.398538,0.549217
2008-08-05,5.765596,0.791504
2008-08-06,2.680925,1.005341
2008-08-07,-1.566525,1.049463
2008-08-08,-2.740948,1.110613
2008-08-11,2.090902,1.551733
2008-08-12,-1.424735,1.793313
2008-08-13,10.749769,2.615291
2008-08-14,6.035871,1.914426
2008-08-15,-0.307690,0.870966
2008-08-18,2.006150,1.008130
2008-08-19,1.512889,1.123234
2008-08-20,4.918001,1.235374
2008-08-21,-3.267044,1.071686
2008-08-22,-0.073416,0.473945
2008-08-25,-1.469499,0.501699
2008-08-26,-2.386245,0.661503
2008-08-27,0.763927,0.494545
2008-08-28,-0.379078,0.400177
2008-08-29,-3.805151,0.569243
2008-09-02,-2.531721,0.781256
2008-09-03,-5.357122,0.797105
2008-09-04,-1.372193,0.797234
2008-09-05,1.478257,0.885564
2008-09-08,-4.113107,1.474164
2008-09-09,-3.395879,1.200355
2008-09-10,0.092530,0.707951
2008-09-11,-4.805967,1.223961
2008-09-12,-1.067948,1.474048
2008-09-15,-8.734062,1.081304
2008-09-16,3.118288,1.544607
2008-09-17,4.275294,1.696859
2008-09-18,8.899976,1.918836
2008-09-19,4.775036,1.283176
2008-09-22,-2.103405,0.807222
2008-09-23,-2.864792,0.934229
2008-09-24,3.686606,0.965702
2008-09-25,1.955555,0.646912
2008-09-26,1.918080,0.706073
2008-09-29,-13.601407,1.048410
2008-09-30,6.039605,0.691423
2008-10-01,-2.801109,0.585655
2008-10-02,-10.374637,0.834861
2008-10-03,-3.215428,0.966957
2008-10-06,-13.067555,1.759502
2008-10-07,-7.770692,1.091091
2008-10-08,2.071810,1.257722
2008-10-09,-6.359941,0.911155
2008-10-10,-1.589623,1.211805
2008-10-13,18.208539,0.925776
2008-10-14,-2.236035,1.217968
2008-10-15,-10.800474,0.861772
2008-10-16,9.686555,1.057763
2008-10-17,-0.649347,0.898187
2008-10-20,1.960823,0.646746
2008-10-21,-7.692341,0.719594
2008-10-22,-3.749986,0.662008
2008-10-23,-5.627708,0.930254
2008-10-24,1.070320,0.880408
2008-10-27,5.446309,0.764405
2008-10-28,15.064580,0.943791
2008-10-29,3.241899,1.073842
2008-10-30,4.227034,0.705817
2008-10-31,1.506401,0.658338
2008-11-03,-3.653004,0.796221
2008-11-04,6.398103,0.719144
2008-11-05,-5.233835,0.938198
2008-11-06,-10.458294,0.975577
2008-11-07,14.435708,1.393612
2008-11-10,-6.422000,0.712552
2008-11-11,-4.411768,0.727966
2008-11-12,-5.897473,0.849803
2008-11-13,8.174390,1.063133
2008-11-14,-9.697706,1.003070
2008-11-17,-2.092037,0.529034
2008-11-18,-3.276360,0.780262
2008-11-19,-8.247446,0.695980
2008-11-20,-5.296928,1.186842
2008-11-21,8.135584,0.838519
2008-11-24,6.583040,0.852144
2008-11-25,2.794120,0.755152
2008-11-26,8.869815,0.879054
2008-11-28,-1.839682,0.263678
2008-12-01,-8.567594,0.854152
2008-12-02,5.563664,0.752977
2008-12-03,5.131794,0.935026
2008-12-04,-6.596299,0.747849
2008-12-05,3.954804,0.721850
2008-12-08,-3.260866,1.201062
2008-12-09,9.691031,1.460156
2008-12-10,9.474986,1.654440
2008-12-11,-4.210561,0.970894
2008-12-12,5.006155,1.137805
2008-12-15,-3.255824,0.806962
2008-12-16,6.730751,0.903168
2008-12-17,4.954969,1.153263
2008-12-18,-9.227466,0.933463
2008-12-19,0.709200,1.000879
2008-12-22,-5.868509,0.900950
2008-12-23,-1.371570,0.655215
2008-12-24,-2.402048,0.259529
2008-12-26,-2.720216,0.414320
2008-12-29,3.195746,0.872991
2008-12-30,3.483900,0.757090
2008-12-31,0.623405,0.826155
2009-01-02,7.930583,0.933427
2009-01-05,1.837033,1.336104
2009-01-06,3.382143,1.217943
2009-01-07,-5.997804,1.578699
2009-01-08,-2.552219,1.814021
2009-01-09,-5.595197,1.339255
2009-01-12,-4.035340,1.155830
2009-01-13,0.525621,3.248373
2009-01-14,-4.444417,1.575227
2009-01-15,3.556775,1.550498
2009-01-16,5.548198,1.245226
2009-01-20,-9.762223,1.044890
2009-01-21,4.854403,0.949148
2009-01-22,-1.851892,0.798352
2009-01-23,3.908438,0.921969
2009-01-26,3.372204,0.831009
2009-01-27,5.897093,1.004839
2009-01-28,4.146932,0.969184
2009-01-29,-5.802033,0.543630
2009-01-30,-3.985505,0.666696
2009-02-02,5.408786,0.757162
2009-02-03,1.193318,0.517257
2009-02-04,2.830194,1.036254
2009-02-05,7.339455,1.212596
2009-02-06,5.448676,1.522542
2009-02-09,-1.317121,0.932871
2009-02-10,-4.312096,1.475915
2009-02-11,-12.553633,2.511886
2009-02-12,2.085876,1.283950
2009-02-13,-0.120160,0.955368
2009-02-17,-5.776174,0.988914
2009-02-18,2.682000,0.822488
2009-02-19,-7.711505,0.950479
2009-02-20,2.560667,0.977816
2009-02-23,-4.599200,0.850874
2009-02-24,8.953184,0.823434
2009-02-25,1.137793,0.872679
2009-02-26,3.249979,1.390539
2009-02-27,0.242161,0.917496
2009-03-02,-8.454115,0.832922
2009-03-03,3.957784,1.224918
2009-03-04,7.360392,1.269479
2009-03-05,-2.364075,1.050985
2009-03-06,1.573864,1.062158
2009-03-09,-1.072707,0.741744
2009-03-10,9.036127,1.399299
2009-03-11,2.762436,0.936392
2009-03-12,5.913998,1.762466
2009-03-13,-0.507618,1.340625
2009-03-16,-3.877560,0.777007
2009-03-17,4.989367,1.121079
2009-03-18,3.134454,1.497163
2009-03-19,-1.176426,0.871674
2009-03-20,-5.456347,1.154041
2009-03-23,7.240310,0.846637
2009-03-24,-4.305275,1.148526
2009-03-25,1.635955,1.252038
2009-03-26,6.237452,1.306826
2009-03-27,-0.947001,0.709650
2009-03-30,-6.405327,0.757211
2009-03-31,0.715024,0.778670
2009-04-01,2.535467,0.868501
2009-04-02,4.648879,0.991633
2009-04-03,6.994340,0.989648
2009-04-06,0.264999,0.874068
2009-04-07,-3.436153,0.592777
2009-04-08,4.105868,0.736809
2009-04-09,5.521478,0.916940
2009-04-13,-3.239199,0.806902
2009-04-14,0.600849,0.765588
2009-04-15,-2.815677,1.123348
2009-04-16,2.546082,1.113867
2009-04-17,0.684938,0.759119
2009-04-20,-6.037459,0.648936
2009-04-21,-0.271486,1.053259
2009-04-22,2.994579,1.028680
2009-04-23,-1.585893,0.855858
2009-04-24,2.327637,0.886824
2009-04-27,-3.587058,0.950824
2009-04-28,0.272225,0.763882
2009-04-29,-1.538411,1.044298
2009-04-30,5.514658,1.344288
2009-05-01,1.655082,1.004192
2009-05-04,5.398485,1.119167
2009-05-05,-4.065046,1.014455
2009-05-06,-2.033929,1.136695
2009-05-07,-7.179903,1.536583
2009-05-08,-13.793129,3.380591
2009-05-11,1.945955,1.072723
2009-05-12,-4.772016,1.223735
2009-05-13,-6.458808,1.297555
2009-05-14,1.428571,0.998671
2009-05-15,2.582197,0.766381
2009-05-18,6.064064,0.917762
2009-05-19,1.941735,0.826872
2009-05-20,2.962965,1.263736
2009-05-21,-0.616646,0.914555
2009-05-22,1.551180,0.673539
2009-05-26,5.397149,0.813222
2009-05-27,0.193242,0.762129
2009-05-28,1.350046,0.923917
2009-05-29,-0.761138,0.769566
2009-06-01,4.889696,0.955652
2009-06-02,-0.822628,0.841242
2009-06-03,-3.133680,0.682234
2009-06-04,3.615594,0.627216
2009-06-05,-0.550919,0.528201
2009-06-08,-0.554037,0.462964
2009-06-09,5.478200,0.804790
2009-06-10,3.168982,0.941373
2009-06-11,-1.279883,0.963478
2009-06-12,-0.518534,0.705569
2009-06-15,-1.650745,0.541464
2009-06-16,-2.738584,0.738662
2009-06-17,2.452343,1.013696
2009-06-18,-1.950320,0.721330
2009-06-19,1.085008,0.999377
2009-06-22,-5.635072,0.779870
2009-06-23,-0.473937,0.807942
2009-06-24,3.333355,0.719237
2009-06-25,5.253422,1.241333
2009-06-26,1.313460,0.739532
2009-06-29,0.000000,0.751230
2009-06-30,-2.419992,0.902833
2009-07-01,0.442792,1.092563
2009-07-02,-3.879991,0.869160
2009-07-06,-3.211035,1.195491
2009-07-07,-4.360205,1.679088
2009-07-08,0.198208,1.802515
2009-07-09,2.176037,1.031074
2009-07-10,0.387251,0.756826
2009-07-13,1.157190,0.828220
2009-07-14,2.097229,0.676096
2009-07-15,4.108303,1.527139
2009-07-16,5.201820,1.377526
2009-07-17,2.898510,1.216877
2009-07-20,1.242781,1.097833
2009-07-21,-2.045840,1.316938
2009-07-22,2.506294,0.819700
2009-07-23,5.949459,1.425932
2009-07-24,-0.307690,0.855827
2009-07-27,0.462990,0.904279
2009-07-28,0.153569,0.743595
2009-07-29,-1.993843,0.492048
2009-07-30,0.782447,0.625228
2009-07-31,0.388201,0.733982
2009-08-03,2.706892,0.640037
2009-08-04,0.677751,0.961435
2009-08-05,0.224328,0.867085
2009-08-06,-2.089539,1.419411
2009-08-07,4.496988,2.041198
2009-08-10,-3.282316,0.948596
2009-08-11,-2.337849,0.653183
2009-08-12,3.706581,0.858941
2009-08-13,2.978416,0.783569
2009-08-14,-2.964583,0.609848
2009-08-17,-4.172879,0.684619
2009-08-18,3.654695,0.959042
2009-08-19,-1.125260,0.853237
2009-08-20,3.945417,1.269652
2009-08-21,1.678807,0.957311
2009-08-24,-2.799681,0.729872
2009-08-25,0.886228,0.714610
2009-08-26,1.171286,0.705634
2009-08-27,1.374834,0.890977
2009-08-28,5.139191,1.419760
2009-08-31,-1.425666,0.674938
2009-09-01,-3.374666,1.155397
2009-09-02,1.425527,0.632448
2009-09-03,2.389340,0.848298
2009-09-04,3.706222,0.843356
2009-09-08,2.779642,0.974840
2009-09-09,2.768821,1.026879
2009-09-10,3.195456,1.083288
2009-09-11,-0.910698,1.273053
2009-09-14,-1.654445,0.864657
2009-09-15,2.056042,0.957354
2009-09-16,-2.686155,1.230706
2009-09-17,-4.391481,1.596880
2009-09-18,-0.131241,1.013699
2009-09-21,-0.459931,1.005059
2009-09-22,0.198049,0.617879
2009-09-23,-1.581043,0.825920
2009-09-24,-1.338654,0.950573
2009-09-25,-1.628203,0.642591
2009-09-28,2.275824,0.807958
2009-09-29,-1.820618,0.843863
2009-09-30,3.228023,1.564154
2009-10-01,-7.119114,1.763679
2009-10-02,-0.787993,1.026371
2009-10-05,-0.505407,1.255741
2009-10-06,1.669099,1.242440
2009-10-07,-0.785153,0.737377
2009-10-08,0.647455,2.009922
2009-10-09,1.286644,0.952514
2009-10-12,-1.129130,0.774056
2009-10-13,-0.356881,0.933394
2009-10-14,-0.143275,1.700824
2009-10-15,-2.941144,1.635918
2009-10-16,-2.291252,1.506948
2009-10-19,3.630909,0.998269
2009-10-20,0.072997,0.940247
2009-10-21,-2.407038,0.702794
2009-10-22,0.672637,0.528073
2009-10-23,-2.375635,0.605269
2009-10-26,-1.292802,0.676243
2009-10-27,-3.389820,0.830130
2009-10-28,-4.146726,1.075999
2009-10-29,4.409372,0.892455
2009-10-30,-4.701262,0.868360
2009-11-02,0.919732,0.853048
2009-11-03,-0.497033,1.275320
2009-11-04,-0.249828,1.322970
2009-11-05,2.420713,1.334244
2009-11-06,7.253454,2.339233
2009-11-09,2.279670,1.086936
2009-11-10,-2.451765,1.016689
2009-11-11,2.818002,1.120755
2009-11-12,-0.296266,0.660319
2009-11-13,0.742908,0.527332
2009-11-16,1.401195,0.571167
2009-11-17,-0.145473,0.506971
2009-11-18,-1.529521,0.674722
2009-11-19,-3.994087,1.239552
2009-11-20,-0.616299,0.613655
2009-11-23,0.775189,0.562253
2009-11-24,-0.615411,0.605874
2009-11-25,1.161019,0.647668
2009-11-27,-2.142347,0.420644
2009-11-30,2.111098,0.787238
2009-12-01,1.990768,0.718507
2009-12-02,3.003014,0.946478
2009-12-03,0.801768,1.060057
2009-12-04,3.109167,1.352184
2009-12-07,12.833059,4.528942
2009-12-08,-4.847702,1.634950
2009-12-09,2.482065,1.001331
2009-12-10,-1.784606,0.626896
2009-12-11,-1.297825,0.648653
2009-12-14,3.024289,0.635541
2009-12-15,-0.127632,0.698348
2009-12-16,8.051126,2.626067
2009-12-17,-0.473090,1.435826
2009-12-18,-0.059398,1.104792
2009-12-21,3.567104,0.582285
2009-12-22,2.640710,1.079367
2009-12-23,1.398198,0.585817
2009-12-24,-0.220627,0.180963
2009-12-28,-1.603125,0.628748
2009-12-29,1.235977,0.634409
2009-12-30,3.607099,0.940727
2009-12-31,0.053586,0.920931
2010-01-04,-1.017169,1.045510
2010-01-05,1.460300,0.943380
2010-01-06,0.639655,0.845728
2010-01-07,-1.959750,0.825692
2010-01-08,0.216112,0.750600
2010-01-11,-1.401643,0.887205
2010-01-12,-3.389844,0.989084
2010-01-13,1.358248,0.789076
2010-01-14,-1.563370,0.936104
2010-01-15,-2.949521,1.243115
2010-01-19,1.870255,0.886830
2010-01-20,-0.401630,1.217035
2010-01-21,-1.785700,1.037341
2010-01-22,-3.460408,1.792512
2010-01-25,1.701091,1.056057
2010-01-26,-3.166038,1.153415
2010-01-27,2.714348,1.252948
2010-01-28,-3.363397,1.032972
2010-01-29,-4.350526,1.145316
2010-02-01,7.667329,1.396932
2010-02-02,1.025964,1.227314
2010-02-03,0.836307,0.809179
2010-02-04,-5.805659,1.141136
2010-02-05,2.012582,0.872437
2010-02-08,-0.184976,0.639462
2010-02-09,-0.803004,1.339305
2010-02-10,1.930311,0.751329
2010-02-11,4.581542,0.982199
2010-02-12,1.343476,1.086723
2010-02-16,1.844353,0.629047
2010-02-17,0.962080,1.237248
2010-02-18,-6.558281,2.090249
2010-02-19,-0.539908,0.667535
2010-02-22,0.180944,0.602804
2010-02-23,-2.408149,0.671434
2010-02-24,2.097441,0.617773
2010-02-25,-0.906350,0.814591
2010-02-26,-1.219512,0.564802
2010-03-01,4.012341,0.815293
2010-03-02,-0.059320,0.802922
2010-03-03,-1.247034,0.614024
2010-03-04,0.180384,0.887892
2010-03-05,3.061217,1.008449
2010-03-08,-1.456030,0.708571
2010-03-09,3.723400,1.358190
2010-03-10,0.227956,0.663261
2010-03-11,-2.274019,0.893029
2010-03-12,0.348985,0.859143
2010-03-15,-0.521679,0.601297
2010-03-16,3.496450,1.154859
2010-03-17,1.914417,1.110800
2010-03-18,-3.535890,1.288754
2010-03-19,-1.202782,1.090249
2010-03-22,1.623239,0.806294
2010-03-23,2.053646,0.916158
2010-03-24,-3.353879,0.809407
2010-03-25,0.289171,0.919568
2010-03-26,0.000000,0.644969
2010-03-29,1.268788,0.741499
2010-03-30,0.398620,0.618637
2010-03-31,-1.304597,0.759666
2010-04-01,-1.034469,0.662500
2010-04-05,1.509862,0.824282
2010-04-06,-2.459965,1.648679
2010-04-07,0.645192,1.604921
2010-04-08,-1.631744,2.039778
2010-04-09,0.651659,1.515041
2010-04-12,1.824626,0.987312
2010-04-13,2.080919,1.169269
2010-04-14,1.245767,1.582216
2010-04-15,0.727039,1.648004
2010-04-16,-5.274840,3.215599
2010-04-19,-0.468907,1.670409
2010-04-20,0.353309,0.996283
2010-04-21,-2.582136,1.293057
2010-04-22,0.421696,0.921395
2010-04-23,-1.379750,1.039926
2010-04-26,0.973254,0.666433
2010-04-27,-2.831319,0.815225
2010-04-28,0.186016,0.890485
2010-04-29,3.032154,1.278279
2010-04-30,-5.645680,1.331570
2010-05-03,-1.082103,1.286764
2010-05-04,-5.083645,1.504247
2010-05-05,-1.694865,1.483841
2010-05-06,-2.069023,1.087074
2010-05-07,-1.690121,1.252916
2010-05-10,4.298014,1.044290
2010-05-11,-1.098939,0.864334
2010-05-12,1.944442,0.930755
2010-05-13,-0.204336,1.292974
2010-05-14,-11.535838,2.536104
2010-05-17,0.231455,0.846079
2010-05-18,-3.310214,0.674196
2010-05-19,1.592367,0.826791
2010-05-20,-2.351113,1.133440
2010-05-21,2.166947,1.048820
2010-05-24,-2.906558,0.641690
2010-05-25,2.669955,0.925628
2010-05-26,0.472779,0.936658
2010-05-27,5.882373,0.661647
2010-05-28,-2.666659,0.511951
2010-06-01,-4.261798,0.507870
2010-06-02,1.112870,0.641986
2010-06-03,-0.157283,0.599582
2010-06-04,-4.724361,0.713765
2010-06-07,-4.958678,0.624625
2010-06-08,-2.782591,1.080760
2010-06-09,-2.415029,0.779156
2010-06-10,4.032971,0.688808
2010-06-11,2.290746,0.506025
2010-06-14,-2.153286,0.450176
2010-06-15,4.929568,0.726855
2010-06-16,-1.258387,0.515505
2010-06-17,3.823260,1.235121
2010-06-18,0.654692,1.338044
2010-06-21,-2.357713,0.843587
2010-06-22,-3.746923,1.234298
2010-06-23,1.124611,0.915773
2010-06-24,-4.961528,1.110460
2010-06-25,-0.270031,0.793265
2010-06-28,0.180516,0.591342
2010-06-29,-5.585579,1.065071
2010-06-30,-2.576332,0.993575
2010-07-01,1.665036,1.177704
2010-07-02,-1.252450,1.163836
2010-07-06,-1.073132,1.118447
2010-07-07,4.832309,0.945688
2010-07-08,-3.010323,1.252449
2010-07-09,0.387945,0.907603
2010-07-12,1.835756,0.900763
2010-07-13,3.605321,1.141146
2010-07-14,1.007361,2.081595
2010-07-15,-2.810539,1.376074
2010-07-16,-6.249990,1.784908
2010-07-19,4.079556,1.074008
2010-07-20,2.485694,1.575928
2010-07-21,-3.264947,0.816105
2010-07-22,1.639347,0.611841
2010-07-23,-1.707757,1.092286
2010-07-26,1.833971,0.907580
2010-07-27,-0.853112,0.896979
2010-07-28,-3.154881,1.698693
2010-07-29,-9.871628,3.287270
2010-07-30,0.657177,1.078537
2010-08-02,-0.108842,0.991397
2010-08-03,-2.614356,1.022988
2010-08-04,4.250532,0.904191
2010-08-05,1.287588,0.835164
2010-08-06,1.165233,0.771247
2010-08-09,0.942402,0.481985
2010-08-10,-4.149358,0.802382
2010-08-11,-3.896142,0.824771
2010-08-12,0.900939,1.433431
2010-08-13,4.799062,1.878457
2010-08-16,-2.555902,0.828689
2010-08-17,1.311496,0.489515
2010-08-18,0.539364,0.371857
2010-08-19,6.008560,1.726506
2010-08-20,0.910959,1.314380
2010-08-23,-1.504524,0.735757
2010-08-24,-1.018317,0.628303
2010-08-25,2.057620,0.743678
2010-08-26,-1.209683,0.663926
2010-08-27,3.265305,1.191316
2010-08-30,-4.743085,0.674332
2010-08-31,-3.215761,1.060658
2010-09-01,0.750256,0.970833
2010-09-02,1.808562,0.680065
2010-09-03,3.448239,0.653681
2010-09-07,0.909098,1.048820
2010-09-08,3.303289,1.391714
2010-09-09,-1.356581,0.773399
2010-09-10,-1.080537,0.679056
2010-09-13,5.660315,1.180401
2010-09-14,-0.939820,0.850350
2010-09-15,0.189771,0.681103
2010-09-16,0.094709,0.445783
2010-09-17,-0.189226,0.508376
2010-09-20,1.516566,0.583024
2010-09-21,5.415545,2.481998
2010-09-22,0.885722,1.301125
2010-09-23,2.019262,1.577722
2010-09-24,5.507802,1.340848
2010-09-27,-2.120789,1.201136
2010-09-28,-0.249961,0.872276
2010-09-29,-0.751837,1.167402
2010-09-30,-1.683523,0.940707
2010-10-01,-2.825352,1.197862
2010-10-04,-0.969128,0.877401
2010-10-05,0.711728,0.872836
2010-10-06,-4.770322,1.235422
2010-10-07,-0.742104,0.898257
2010-10-08,1.495311,0.830779
2010-10-11,-0.460396,0.517265
2010-10-12,1.942603,0.731676
2010-10-13,2.903794,1.177809
2010-10-14,-1.587281,0.710640
2010-10-15,1.164932,0.748609
2010-10-18,0.620008,0.517506
2010-10-19,-0.616187,0.999879
2010-10-20,0.000000,0.930494
2010-10-21,-1.771525,1.254326
2010-10-22,6.402201,1.658692
2010-10-25,0.932170,0.831847
2010-10-26,-0.335796,0.851631
2010-10-27,1.432134,0.628465
2010-10-28,0.083040,0.918943
2010-10-29,-0.248956,0.727499
2010-11-01,0.166399,0.640257
2010-11-02,2.076404,0.799858
2010-11-03,0.732325,0.935847
2010-11-04,0.161550,1.002165
2010-11-05,1.693522,1.057067
2010-11-08,0.396555,0.868430
2010-11-09,-0.552924,0.899287
2010-11-10,1.191409,0.737564
2010-11-11,-1.020437,1.593503
2010-11-12,5.154644,3.023842
2010-11-15,-1.206619,0.936022
2010-11-16,-2.977095,0.926562
2010-11-17,1.652206,0.697009
2010-11-18,3.095997,1.271554
2010-11-19,3.228252,0.918612
2010-11-22,0.072732,0.617176
2010-11-23,-2.325585,0.619420
2010-11-24,2.455346,0.546212
2010-11-26,-1.234593,0.197846
2010-11-29,1.102977,0.673423
2010-11-30,-1.018213,1.043446
2010-12-01,4.408534,0.890891
2010-12-02,1.196329,0.750224
2010-12-03,2.851214,0.867733
2010-12-06,-1.893194,0.631986
2010-12-07,3.239112,1.512488
2010-12-08,0.867858,0.876109
2010-12-09,-1.654510,1.348346
2010-12-10,0.605644,0.627634
2010-12-13,-2.541798,0.885200
2010-12-14,0.137250,1.235073
2010-12-15,-2.193269,1.019046
2010-12-16,0.140162,1.041402
2010-12-17,0.559783,0.971183
2010-12-20,-0.417498,0.582452
2010-12-21,3.913313,0.816152
2010-12-22,1.076038,0.835129
2010-12-23,-0.731878,0.477508
2010-12-27,0.536216,0.450490
2010-12-28,-0.400049,0.339153
2010-12-29,0.000000,0.317770
2010-12-30,0.334666,0.328034
2010-12-31,2.735153,0.768189
2011-01-03,2.727307,1.627040
2011-01-04,-0.316074,1.269793
2011-01-05,7.672827,2.727516
2011-01-06,13.839771,6.425042
2011-01-07,2.793595,3.751582
2011-01-10,3.824838,2.274407
2011-01-11,-1.551142,3.248731
2011-01-12,14.968054,3.652485
2011-01-13,0.171294,2.510793
2011-01-14,0.855072,1.355447
2011-01-18,-2.331484,1.480082
2011-01-19,-2.734405,0.931362
2011-01-20,0.089274,0.836357
2011-01-21,-0.936260,0.543126
2011-01-24,11.296107,1.496849
2011-01-25,-3.073161,0.742739
2011-01-26,2.377965,0.714118
2011-01-27,-0.285239,0.424429
2011-01-28,-2.901506,0.696044
2011-01-31,0.673342,0.463377
2011-02-01,2.299385,0.399613
2011-02-02,4.536108,0.986455
2011-02-03,-1.876394,0.614861
2011-02-04,2.270888,0.526933
2011-02-07,-4.168276,0.612395
2011-02-08,-2.967458,0.745940
2011-02-09,-2.429904,0.906319
2011-02-10,-2.018013,0.779100
2011-02-11,2.848392,1.115610
2011-02-14,-1.533885,1.118276
2011-02-15,-2.423201,0.780625
2011-02-16,3.680759,1.209592
2011-02-17,9.837453,3.166297
2011-02-18,-0.194710,1.148721
2011-02-22,-9.442015,1.120329
2011-02-23,-4.739421,1.229045
2011-02-24,2.442372,1.009932
2011-02-25,2.075033,0.624298
2011-02-28,-1.989590,0.723912
2011-03-01,-4.457230,0.797910
2011-03-02,-4.157001,1.373731
2011-03-03,0.578259,1.222248
2011-03-04,-0.527016,0.736426
2011-03-07,-1.396930,0.784125
2011-03-08,-4.494385,1.489780
2011-03-09,-2.097157,0.971496
2011-03-10,-6.374111,1.257660
2011-03-11,0.725424,1.068084
2011-03-14,0.831038,0.709449
2011-03-15,-2.967036,0.899602
2011-03-16,-0.736111,1.058508
2011-03-17,1.882493,0.869510
2011-03-18,-1.343864,0.624448
2011-03-21,0.794584,0.582258
2011-03-22,-1.745496,0.570510
2011-03-23,2.063062,0.638592
2011-03-24,7.973050,1.496636
2011-03-25,-3.120152,0.983509
2011-03-28,3.703720,0.973167
2011-03-29,-0.776376,0.571460
2011-03-30,-3.755899,0.949499
2011-03-31,0.054232,0.540613
2011-04-01,-1.408456,0.729760
2011-04-04,-3.571445,0.797261
2011-04-05,0.170950,0.711110
2011-04-06,-0.682590,0.780258
2011-04-07,3.665498,0.949754
2011-04-08,-3.038666,0.717729
2011-04-11,-1.310537,0.544496
2011-04-12,0.288693,0.857664
2011-04-13,2.245225,0.781219
2011-04-14,4.223017,1.359135
2011-04-15,1.080469,1.049511
2011-04-18,-3.313722,0.801180
2011-04-19,-0.386962,0.711287
2011-04-20,3.052156,0.703432
2011-04-21,-0.269260,0.458842
2011-04-25,1.565897,0.728770
2011-04-26,2.604991,0.823008
2011-04-27,0.000000,0.566069
2011-04-28,1.088073,0.875044
2011-04-29,2.511547,1.104273
2011-05-02,-1.349995,0.801228
2011-05-03,-4.764321,1.071204
2011-05-04,-0.745066,0.854212
2011-05-05,0.053608,0.735743
2011-05-06,3.536962,1.162131
2011-05-09,2.225710,0.988240
2011-05-10,0.151848,0.969489
2011-05-11,0.455025,0.855603
2011-05-12,3.170599,1.727051
2011-05-13,-10.926800,2.764982
2011-05-16,-3.066828,0.944512
2011-05-17,-0.395474,1.871631
2011-05-18,2.325570,0.831108
2011-05-19,-1.441218,0.821119
2011-05-20,1.743517,0.726406
2011-05-23,-0.110543,0.734611
2011-05-24,0.387347,0.901769
2011-05-25,1.212796,0.680737
2011-05-26,2.505431,0.876660
2011-05-27,3.613190,0.816438
2011-05-31,2.769227,1.504487
2011-06-01,-4.490964,0.921170
2011-06-02,-0.470247,0.736346
2011-06-03,-3.097117,0.666985
2011-06-06,-2.112666,0.529226
2011-06-07,-0.055351,0.540037
2011-06-08,-2.713179,0.720665
2011-06-09,-1.138311,0.946123
2011-06-10,-1.439265,0.624629
2011-06-13,-0.700945,0.762662
2011-06-14,0.823540,0.784870
2011-06-15,-2.158691,1.393933
2011-06-16,-3.458558,1.583607
2011-06-17,-2.347161,2.205680
2011-06-20,-1.201702,1.056074
2011-06-21,2.176665,0.985196
2011-06-22,-1.378462,0.904322
2011-06-23,2.986066,1.037343
2011-06-24,-2.899486,0.727544
2011-06-27,-2.096560,1.590062
2011-06-28,0.584020,0.932290
2011-06-29,1.548394,1.339583
2011-06-30,1.270665,0.897294
2011-07-01,1.317461,0.741641
2011-07-05,-1.671868,0.734515
2011-07-06,-1.322406,0.721754
2011-07-07,0.382920,1.335285
2011-07-08,-1.907237,0.815836
2011-07-11,-3.499655,0.948398
2011-07-12,-1.343175,1.135162
2011-07-13,-0.204224,0.814397
2011-07-14,-3.956355,1.389147
2011-07-15,0.142072,1.045669
2011-07-18,-2.127692,1.046657
2011-07-19,3.043535,0.803777
2011-07-20,-1.265824,0.893405
2011-07-21,4.700833,1.545183
2011-07-22,2.040848,0.964186
2011-07-25,-1.600059,0.741815
2011-07-26,-2.439018,0.911437
2011-07-27,-3.749986,0.876708
2011-07-28,-0.216425,0.873631
2011-07-29,0.000000,0.933006
2011-08-01,5.350680,1.401380
2011-08-02,-1.029555,1.804909
2011-08-03,2.704592,0.965500
2011-08-04,-9.520601,1.218022
2011-08-05,-3.358193,1.580249
2011-08-08,-7.876469,1.295941
2011-08-09,8.382244,1.555202
2011-08-10,-4.563039,1.298173
2011-08-11,8.671004,1.194038
2011-08-12,-3.952284,3.539186
2011-08-15,3.804400,0.846068
2011-08-16,-2.842243,0.700291
2011-08-17,-1.385643,0.537523
2011-08-18,-6.791581,0.783813
2011-08-19,-1.758788,0.756130
2011-08-22,1.790275,0.606968
2011-08-23,10.804055,0.928714
2011-08-24,-1.436175,0.672479
2011-08-25,-4.294462,0.674707
2011-08-26,4.246794,0.713926
2011-08-29,2.690226,0.584581
2011-08-30,2.395204,0.679268
2011-08-31,-2.704685,0.724275
2011-09-01,-0.225378,0.784650
2011-09-02,-2.710866,0.490659
2011-09-06,2.012392,0.756217
2011-09-07,8.118385,1.782555
2011-09-08,-0.491211,0.961780
2011-09-09,-2.115679,0.964176
2011-09-12,2.377521,1.027791
2011-09-13,2.251912,1.097852
2011-09-14,5.161770,1.990681
2011-09-15,1.439764,0.919601
2011-09-16,-0.258055,1.679217
2011-09-19,-2.069836,1.128228
2011-09-20,-2.575980,0.912411
2011-09-21,-1.898302,0.815069
2011-09-22,-6.634429,1.517381
2011-09-23,2.072536,1.126653
2011-09-26,0.217552,1.063869
2011-09-27,0.144745,0.844072
2011-09-28,-3.034681,1.322878
2011-09-29,-2.458996,0.900343
2011-09-30,-4.430874,0.698496
2011-10-03,-5.595508,0.983206
2011-10-04,9.229433,1.375234
2011-10-05,3.565879,0.837190
2011-10-06,3.967056,0.784315
2011-10-07,1.871848,0.823051
2011-10-10,4.452320,0.546773
2011-10-11,-1.082537,0.851661
2011-10-12,-0.068421,0.640011
2011-10-13,5.817937,0.939812
2011-10-14,1.681741,0.767981
2011-10-17,-4.961819,0.695033
2011-10-18,3.614462,0.685203
2011-10-19,-2.002551,0.654177
2011-10-20,-5.009924,1.172746
2011-10-21,0.485802,0.758770
2011-10-24,3.729240,0.661571
2011-10-25,-3.794904,0.734220
2011-10-26,1.176468,0.647465
2011-10-27,4.309142,0.780313
2011-10-28,2.295115,0.675192
2011-10-31,-5.128255,0.725658
2011-11-01,-5.000014,1.137756
2011-11-02,-1.706942,1.442692
2011-11-03,6.005813,1.115498
2011-11-04,1.160362,0.976511
2011-11-07,-0.539746,0.925415
2011-11-08,2.306634,0.824251
2011-11-09,-5.039842,0.814296
2011-11-10,1.047530,1.524681
2011-11-11,3.524498,2.668367
2011-11-14,-1.935881,0.705758
2011-11-15,1.293429,0.718985
2011-11-16,-2.016151,0.733040
2011-11-17,-3.566578,0.943636
2011-11-18,-0.924562,0.737134
2011-11-21,5.025122,1.975098
2011-11-22,3.075883,1.804306
2011-11-23,-4.244056,1.101873
2011-11-25,-2.770039,0.531429
2011-11-28,5.626758,0.912801
2011-11-29,0.539452,0.813240
2011-11-30,4.828960,0.946279
2011-12-01,1.215624,0.689109
2011-12-02,-0.632148,0.731380
2011-12-05,-1.526700,0.874730
2011-12-06,-1.421163,0.779117
2011-12-07,-0.589769,0.694343
2011-12-08,-3.164170,0.670933
2011-12-09,1.429584,0.760896
2011-12-12,-2.483279,0.808731
2011-12-13,-2.752890,0.794938
2011-12-14,-3.892416,0.977481
2011-12-15,-0.883637,0.662134
2011-12-16,0.371415,0.947636
2011-12-19,-2.590653,0.711193
2011-12-20,5.623094,0.685459
2011-12-21,-1.294956,0.906150
2011-12-22,4.300297,1.014585
2011-12-23,-0.978367,0.447883
2011-12-27,-0.776315,0.357172
2011-12-28,-2.489257,0.447168
2011-12-29,1.896385,0.419098
2011-12-30,-0.787392,0.391310
2012-01-03,1.298731,1.016098
2012-01-04,1.139557,0.760600
2012-01-05,3.591559,1.275452
2012-01-06,-1.155691,1.208291
2012-01-09,0.000000,1.148602
2012-01-10,-0.412616,1.232336
2012-01-11,-2.002790,1.093531
2012-01-12,-0.634232,1.488040
2012-01-13,-2.624120,1.132767
2012-01-17,-1.529521,1.429926
2012-01-18,3.402375,1.411566
2012-01-19,2.646599,1.355157
2012-01-20,-0.905841,1.197601
2012-01-23,2.742575,1.220300
2012-01-24,2.258726,1.582386
2012-01-25,-0.602402,2.713109
2012-01-26,-0.942764,1.535209
2012-01-27,1.359637,0.816562
2012-01-30,-0.737803,0.710241
2012-01-31,-0.202671,0.626481
2012-02-01,1.083270,0.738178
2012-02-02,3.750901,1.204910
2012-02-03,2.130363,0.831938
2012-02-06,-0.758537,0.471173
2012-02-07,0.254759,0.708457
2012-02-08,3.621312,1.476051
2012-02-09,-0.061260,0.953567
2012-02-10,-2.453980,0.742203
2012-02-13,1.572337,1.048202
2012-02-14,0.557252,0.771819
2012-02-15,-0.431028,1.917804
2012-02-16,1.731575,3.131247
2012-02-17,-3.647426,1.529417
2012-02-21,0.504753,0.750044
2012-02-22,-0.690504,0.715090
2012-02-23,0.568876,0.478743
2012-02-24,-0.754222,0.582756
2012-02-27,-2.026594,1.226686
2012-02-28,-0.905005,1.124656
2012-02-29,-1.174178,1.081346
2012-03-01,0.660079,0.688077
2012-03-02,0.852484,1.044373
2012-03-05,-3.381009,0.786745
2012-03-06,-0.942129,0.719273
2012-03-07,0.611387,0.664627
2012-03-08,0.337638,0.646348
2012-03-09,-0.269239,0.569620
2012-03-12,-1.551917,0.471578
2012-03-13,1.370820,0.879582
2012-03-14,-2.839800,1.174940
2012-03-15,1.461410,0.597222
2012-03-16,0.137173,0.709360
2012-03-19,0.273953,0.763713
2012-03-20,-1.639343,0.899089
2012-03-21,0.416682,0.941988
2012-03-22,-0.138330,0.858605
2012-03-23,0.761818,0.630291
2012-03-26,1.168373,0.579597
2012-03-27,0.679290,0.883960
2012-03-28,2.294245,1.935465
2012-03-29,0.461743,0.790850
2012-03-30,1.116190,1.128020
2012-04-02,-0.454538,0.887316
2012-04-03,-1.630767,0.947752
2012-04-04,-2.851462,1.096723
2012-04-05,-0.136527,0.812176
2012-04-09,-1.298715,0.809021
2012-04-10,-1.939028,1.041382
2012-04-11,1.271187,0.810449
2012-04-12,2.370957,0.853038
2012-04-13,-3.542204,0.717946
2012-04-16,-1.200608,1.077636
2012-04-17,0.214442,1.066834
2012-04-18,-1.069871,0.922145
2012-04-19,-1.514064,1.543856
2012-04-20,-1.976576,1.152599
2012-04-23,-1.194885,1.582317
2012-04-24,-3.099061,1.567889
2012-04-25,2.028089,1.490085
2012-04-26,0.076487,1.071294
2012-04-27,-0.840395,0.978779
2012-04-30,0.154112,0.534374
2012-05-01,1.769265,0.855792
2012-05-02,-2.872231,1.432203
2012-05-03,-1.712152,0.855728
2012-05-04,-2.929489,1.120551
2012-05-07,1.712882,1.220515
2012-05-08,-0.080208,0.911534
2012-05-09,0.401308,1.027290
2012-05-10,-0.719446,1.161296
2012-05-11,6.360705,2.734791
2012-05-14,-0.605618,0.753013
2012-05-15,-0.990078,1.034982
2012-05-16,-1.999987,0.802019
2012-05-17,-0.706488,0.568307
2012-05-18,-4.505877,0.989135
2012-05-21,1.738383,0.722167
2012-05-22,-1.220492,0.729910
2012-05-23,2.471154,0.908608
2012-05-24,-2.652722,0.973959
2012-05-25,2.394727,0.734450
2012-05-29,2.580639,0.585773
2012-05-30,-1.179243,0.714430
2012-05-31,-1.113756,0.675634
2012-06-01,-3.620287,0.858169
2012-06-04,-2.086804,0.840597
2012-06-05,2.898510,0.717072
2012-06-06,2.651250,0.741844
2012-06-07,-4.035549,1.069172
2012-06-08,1.934414,0.751121
2012-06-11,1.155141,1.742029
2012-06-12,2.039154,1.097956
2012-06-13,-2.637888,1.086803
2012-06-14,-1.231567,1.312268
2012-06-15,2.161272,0.845886
2012-06-18,0.895058,0.664709
2012-06-19,6.774203,2.159160
2012-06-20,1.586078,2.060635
2012-06-21,-4.535293,1.032385
2012-06-22,1.246088,1.726589
2012-06-25,-3.153821,0.954040
2012-06-26,1.111976,0.834918
2012-06-27,3.220743,0.954938
2012-06-28,0.761040,1.017973
2012-06-29,4.380626,1.129874
2012-07-02,-2.677268,1.049177
2012-07-03,2.602209,0.390282
2012-07-05,-1.014468,0.505039
2012-07-06,-1.903384,0.695777
2012-07-09,-1.343285,0.564240
2012-07-10,-3.025710,0.948693
2012-07-11,-1.638071,0.927105
2012-07-12,-1.665319,0.903100
2012-07-13,1.290314,0.621527
2012-07-16,0.318480,0.657824
2012-07-17,-1.825401,0.884527
2012-07-18,5.578044,1.200689
2012-07-19,0.995384,0.812864
2012-07-20,-2.880972,0.965041
2012-07-23,1.327044,0.973097
2012-07-24,-1.078536,0.792016
2012-07-25,1.947053,0.951483
2012-07-26,0.458332,0.777840
2012-07-27,2.509515,0.882347
2012-07-30,-1.112806,0.869218
2012-07-31,1.575467,0.956075
2012-08-01,-1.107865,0.848457
2012-08-02,0.373435,0.915794
2012-08-03,2.083320,0.804043
2012-08-06,2.113694,0.893390
2012-08-07,0.999271,1.003248
2012-08-08,0.565386,1.290122
2012-08-09,3.373152,2.043594
2012-08-10,-0.611812,3.045452
2012-08-13,1.299568,0.956445
2012-08-14,-1.485474,0.821613
2012-08-15,-0.753923,1.263836
2012-08-16,2.071810,0.790662
2012-08-17,-0.879566,0.662618
2012-08-20,0.000000,0.682602
2012-08-21,-0.273054,0.749908
2012-08-22,0.205333,0.691911
2012-08-23,-2.254071,0.845884
2012-08-24,2.026546,0.772498
2012-08-27,-1.712385,0.759866
2012-08-28,-0.418044,0.694353
2012-08-29,0.209867,0.564362
2012-08-30,-1.885414,0.699738
2012-08-31,-0.142376,1.111482
2012-09-04,-5.345678,1.562893
2012-09-05,0.301203,1.041671
2012-09-06,3.078083,1.414483
2012-09-07,-2.403514,1.655844
2012-09-10,-0.895507,0.790197
2012-09-11,1.204841,0.902300
2012-09-12,1.116050,0.766224
2012-09-13,0.662243,1.038568
2012-09-14,1.169612,0.828584
2012-09-17,-2.745638,1.208832
2012-09-18,0.668600,0.862587
2012-09-19,1.180852,1.077136
2012-09-20,-0.729437,0.754066
2012-09-21,0.440878,0.799364
2012-09-24,-0.073167,0.844814
2012-09-25,-1.830164,1.135534
2012-09-26,-1.715151,1.013254
2012-09-27,0.758740,1.277748
2012-09-28,0.451824,1.072177
2012-10-01,-1.649194,1.092069
2012-10-02,0.381110,0.638647
2012-10-03,-0.987110,0.973203
2012-10-04,4.447845,1.141598
2012-10-05,-2.349462,1.116836
2012-10-08,-0.977442,0.576095
2012-10-09,-2.126001,0.891154
2012-10-10,-1.706798,0.795954
2012-10-11,0.552498,0.780827
2012-10-12,-0.863463,0.643985
2012-10-15,1.266817,0.622583
2012-10-16,2.892924,0.945988
2012-10-17,-0.759844,1.006875
2012-10-18,-1.531423,0.659915
2012-10-19,-5.832046,1.853332
2012-10-22,-1.156084,1.198384
2012-10-23,3.007544,1.408839
2012-10-24,-1.297640,0.808027
2012-10-25,0.082174,0.755516
2012-10-26,-1.067365,0.987663
2012-10-31,-0.580893,0.891327
2012-11-01,4.757970,1.240170
2012-11-02,-0.478136,0.657424
2012-11-05,4.243436,1.165251
2012-11-06,-0.076829,0.925931
2012-11-07,-3.074578,0.872041
2012-11-08,0.555137,2.228755
2012-11-09,-3.864344,2.115238
2012-11-12,-2.214932,1.510596
2012-11-13,-0.755067,1.112819
2012-11-14,-2.451374,1.364699
2012-11-15,0.433267,0.988148
2012-11-16,-1.811912,1.308688
2012-11-19,2.811979,0.826575
2012-11-20,-1.161332,0.678920
2012-11-21,2.872092,0.884017
2012-11-23,0.676837,0.583269
2012-11-26,1.764690,0.792708
2012-11-27,0.412852,0.978068
2012-11-28,0.822415,0.849813
2012-11-29,-1.794457,1.041586
2012-11-30,-0.581426,0.966927
2012-12-03,-1.837965,0.822885
2012-12-04,2.978782,1.094774
2012-12-05,-1.157064,1.301140
2012-12-06,0.167242,0.824759
2012-12-07,-0.166963,0.669824
2012-12-10,3.344476,1.070085
2012-12-11,2.346292,1.762570
2012-12-12,-1.027636,0.846148
2012-12-13,0.079860,0.807796
2012-12-14,0.478882,0.743812
2012-12-17,-0.397194,0.991825
2012-12-18,0.159517,0.946584
2012-12-19,0.716535,1.040837
2012-12-20,-0.078978,0.748564
2012-12-21,-2.294356,1.045089
2012-12-24,-0.809710,0.282121
2012-12-26,-0.081631,0.447509
2012-12-27,-0.653623,0.702282
2012-12-28,-0.493389,0.522782
2012-12-31,1.322329,0.799032
2013-01-02,3.752011,1.191529
2013-01-03,0.078625,0.735743
2013-01-04,3.299304,1.329771
2013-01-07,-2.889770,1.568481
2013-01-08,-2.192623,1.168193
2013-01-09,-2.241787,1.713237
2013-01-10,0.163818,1.220913
2013-01-11,-0.163550,1.285412
2013-01-14,-0.081909,0.754932
2013-01-15,-1.803283,0.936624
2013-01-16,0.918199,0.836780
2013-01-17,1.323423,1.459902
2013-01-18,-0.653047,0.978035
2013-01-22,-0.493026,0.764951
2013-01-23,0.165149,1.050246
2013-01-24,0.494652,0.993420
2013-01-25,1.804688,0.953594
2013-01-28,1.611653,0.998920
2013-01-29,-2.141174,0.906286
2013-01-30,-0.162092,0.657358
2013-01-31,-0.486950,1.080336
2013-02-01,0.897197,0.663733
2013-02-04,-1.697672,1.177410
2013-02-05,2.302647,0.846355
2013-02-06,-0.803873,1.258144
2013-02-07,-0.405167,1.035257
2013-02-08,0.650932,0.745230
2013-02-11,1.131788,1.014915
2013-02-12,-0.639485,0.699645
2013-02-13,-0.482724,2.164418
2013-02-14,2.910278,2.101751
2013-02-15,0.000000,1.641995
2013-02-19,-1.335430,0.953725
2013-02-20,-1.433121,1.562214
2013-02-21,-0.726984,1.217680
2013-02-22,1.871453,0.763852
2013-02-25,-1.757161,1.333593
2013-02-26,1.186021,0.983336
2013-02-27,1.859390,0.955841
2013-02-28,0.476212,1.174746
2013-03-01,0.394922,0.750844
2013-03-04,-0.393368,0.687353
2013-03-05,1.105813,0.707165
2013-03-06,-0.078149,0.671725
2013-03-07,-0.234529,0.618151
2013-03-08,0.470180,0.494405
2013-03-11,-0.936030,0.613195
2013-03-12,0.314975,0.636406
2013-03-13,0.000000,1.004667
2013-03-14,0.078507,0.775943
2013-03-15,-0.862723,0.756439
2013-03-18,-0.712027,0.671852
2013-03-19,-0.637489,0.841897
2013-03-20,1.202900,0.814155
2013-03-21,-1.584816,0.848191
2013-03-22,0.483134,0.599716
2013-03-25,-0.560933,0.950931
2013-03-26,0.725275,0.634244
2013-03-27,1.199941,0.720399
2013-03-28,1.422959,1.018918
2013-04-01,-3.273604,1.339122
2013-04-02,-1.047517,1.114493
2013-04-03,-1.221490,1.056565
2013-04-04,0.989295,0.883325
2013-04-05,1.714289,1.664781
2013-04-08,-0.240802,0.952327
2013-04-09,1.608990,1.096714
2013-04-10,1.583562,1.095777
2013-04-11,-0.467685,2.732078
2013-04-12,2.505896,2.033513
2013-04-15,-2.062667,1.080679
2013-04-16,1.092083,1.166223
2013-04-17,-1.311757,1.298146
2013-04-18,-1.954630,0.959775
2013-04-19,0.239214,0.717197
2013-04-22,0.159147,0.583690
2013-04-23,2.621112,0.894574
2013-04-24,3.405586,1.318494
2013-04-25,0.823304,0.805866
2013-04-26,-0.445407,0.731747
2013-04-29,1.193183,0.610232
2013-04-30,1.473820,0.638576
2013-05-01,-0.871471,0.796377
2013-05-02,1.172129,0.755805
2013-05-03,0.434487,0.684305
2013-05-06,-0.288387,0.521212
2013-05-07,-1.301512,1.089970
2013-05-08,1.831462,0.805951
2013-05-09,0.071992,1.375981
2013-05-10,4.529087,2.197879
2013-05-13,-2.063243,0.731234
2013-05-14,1.474695,1.166549
2013-05-15,1.730128,0.805967
2013-05-16,-0.476220,0.816700
2013-05-17,1.640442,0.837066
2013-05-20,-0.201749,0.633177
2013-05-21,1.049817,0.959556
2013-05-22,-3.485273,1.291735
2013-05-23,1.597215,1.070051
2013-05-24,-0.615167,0.765415
2013-05-28,-0.068774,0.758802
2013-05-29,-0.619418,0.909085
2013-05-30,1.315790,0.765874
2013-05-31,-1.093623,1.566609
2013-06-03,-0.138231,1.165551
2013-06-04,0.138422,0.935219
2013-06-05,-2.142377,1.172452
2013-06-06,0.635612,0.859014
2013-06-07,1.403489,0.691006
2013-06-10,-0.069211,0.585613
2013-06-11,-1.869774,0.844482
2013-06-12,-0.846873,0.889969
2013-06-13,2.277574,0.686477
2013-06-14,-0.139211,0.693518
2013-06-17,0.975646,0.758364
2013-06-18,-0.621128,1.458037
2013-06-19,3.055537,3.347792
2013-06-20,-2.695407,1.626790
2013-06-21,-0.138500,1.813319
2013-06-24,-2.080424,1.416876
2013-06-25,0.708260,1.076725
2013-06-26,-0.562645,1.336843
2013-06-27,-0.919371,1.812116
2013-06-28,0.214127,0.914109
2013-07-01,0.427357,0.429282
2013-07-02,-0.070902,0.566564
2013-07-03,0.283845,0.313945
2013-07-05,0.778519,0.428534
2013-07-08,-0.491569,0.619365
2013-07-09,0.493997,0.372438
2013-07-10,1.334261,0.497317
2013-07-11,1.385982,0.578199
2013-07-12,0.068377,0.526226
2013-07-15,-0.204921,0.490863
2013-07-16,0.547556,0.398017
2013-07-17,-0.544574,0.411356
2013-07-18,-0.410658,0.888422
2013-07-19,-2.130597,1.384827
2013-07-22,-0.070223,0.860992
2013-07-23,-0.140553,0.774863
2013-07-24,0.000000,0.941861
2013-07-25,0.351873,0.830039
2013-07-26,-0.420782,0.822810
2013-07-29,-0.211244,0.726037
2013-07-30,1.693683,1.133744
2013-07-31,0.208192,1.135053
2013-08-01,1.385067,1.163149
2013-08-02,0.819668,0.853650
2013-08-05,0.474242,0.750314
2013-08-06,-1.483466,0.850346
2013-08-07,-0.068427,0.995716
2013-08-08,0.684913,1.398294
2013-08-09,-1.428577,3.588719
2013-08-12,-0.828162,0.897408
2013-08-13,0.347938,0.681335
2013-08-14,4.230257,2.841535
2013-08-15,0.665361,2.228630
2013-08-16,0.396527,1.921900
2013-08-19,-1.579970,1.115665
2013-08-20,0.504218,0.654724
2013-08-21,-0.468255,0.732470
2013-08-22,0.537605,0.362475
2013-08-23,0.000000,0.699913
2013-08-26,0.200577,0.854883
2013-08-27,-1.267564,0.776919
2013-08-28,0.000000,0.891309
2013-08-29,-0.202668,0.766976
2013-08-30,-0.135407,1.050144
2013-09-03,0.067774,0.772560
2013-09-04,0.948558,0.594649
2013-09-05,0.268433,0.467361
2013-09-06,-0.401606,0.611592
2013-09-09,1.680117,0.675429
2013-09-10,2.114990,0.880377
2013-09-11,1.682844,1.187705
2013-09-12,-0.063648,0.884477
2013-09-13,0.636945,0.503370
2013-09-16,0.063286,0.800573
2013-09-17,0.316285,0.630061
2013-09-18,0.882720,1.046041
2013-09-19,-0.437510,0.881845
2013-09-20,-0.878849,1.388786
2013-09-23,-0.949976,1.013178
2013-09-24,0.383631,0.853952
2013-09-25,0.127394,0.878173
2013-09-26,-0.318079,0.565226
2013-09-27,-0.574370,0.596267
2013-09-30,-0.128310,0.911773
2013-10-01,-0.064286,0.941822
2013-10-02,-0.064320,0.680505
2013-10-03,-1.029587,1.857724
2013-10-04,1.365384,0.992045
2013-10-07,0.000000,0.682056
2013-10-08,-0.833854,1.184871
2013-10-09,-1.552376,1.124664
2013-10-10,1.116947,0.934036
2013-10-11,-0.844690,0.908409
2013-10-14,1.507212,0.700261
2013-10-15,-0.516484,0.889686
2013-10-16,1.232984,0.887418
2013-10-17,0.192275,0.912351
2013-10-18,1.151631,1.094217
2013-10-21,0.253015,0.855084
2013-10-22,-0.504729,0.800249
2013-10-23,-1.712134,1.137485
2013-10-24,-0.709650,1.061755
2013-10-25,-0.974658,1.455494
2013-10-28,-0.196834,1.669637
2013-10-29,0.131489,1.587605
2013-10-30,-0.065671,0.808330
2013-10-31,-0.197134,1.152670
2013-11-01,0.460865,0.833406
2013-11-04,-2.883382,1.672247
2013-11-05,-0.134993,1.641204
2013-11-06,0.675738,0.750350
2013-11-07,-2.348996,2.126851
2013-11-08,6.941588,2.656303
2013-11-11,0.835461,0.983668
2013-11-12,0.191196,1.022375
2013-11-13,2.735377,1.058243
2013-11-14,0.433447,0.960600
2013-11-15,-0.308274,1.384168
2013-11-18,-2.411872,0.945809
2013-11-19,-1.624749,0.605841
2013-11-20,-1.489602,0.597767
2013-11-21,0.788935,0.627779
2013-11-22,-0.978464,0.467974
2013-11-25,2.173920,0.751095
2013-11-26,0.838148,2.330582
2013-11-27,0.383643,0.530917
2013-11-29,-0.636904,0.343715
2013-12-02,0.961496,1.127908
2013-12-03,-0.063498,0.854939
2013-12-04,1.397728,1.477126
2013-12-05,-1.629079,0.805570
2013-12-06,-1.464957,0.823795
2013-12-09,-1.680670,1.176243
2013-12-10,2.301111,1.690997
2013-12-11,-0.964009,1.288732
2013-12-12,-1.946826,0.792967
2013-12-13,-0.595611,0.572242
2013-12-16,0.133193,0.751011
2013-12-17,0.465367,0.896454
2013-12-18,1.389818,1.403823
2013-12-19,0.391673,0.821823
2013-12-20,2.015624,1.204211
2013-12-23,0.573569,0.517537
2013-12-24,0.253517,0.244017
2013-12-26,-0.948205,0.531568
2013-12-27,0.574366,0.731124
2013-12-30,1.332489,0.855648
2013-12-31,0.313100,0.794902
2014-01-02,-0.998740,0.897782
2014-01-03,-1.198028,0.899890
2014-01-06,1.340150,1.481039
2014-01-07,1.637270,1.176143
2014-01-08,1.363120,1.077640
2014-01-09,-3.728629,1.035569
2014-01-10,-0.126964,0.807639
2014-01-13,-2.352255,0.933205
2014-01-14,3.125056,0.930183
2014-01-15,1.073218,0.665969
2014-01-16,0.312286,0.849602
2014-01-17,-0.435819,1.324310
2014-01-21,0.375198,0.973602
2014-01-22,-0.124598,1.340369
2014-01-23,-0.374301,0.740356
2014-01-24,-2.567303,0.983869
2014-01-27,-0.642692,0.902417
2014-01-28,0.970261,0.640375
2014-01-29,-0.960937,0.626248
2014-01-30,1.681758,0.792782
2014-01-31,-0.127214,1.318787
2014-02-03,-1.337549,1.673053
2014-02-04,0.580975,1.052591
2014-02-05,-0.898597,0.824954
2014-02-06,1.295349,0.662139
2014-02-07,1.470618,0.635842
2014-02-10,0.315049,1.348401
2014-02-11,2.072863,0.957412
2014-02-12,3.569222,3.033232
2014-02-13,3.149126,3.336521
2014-02-14,3.168209,2.663143
2014-02-18,-0.055826,1.273620
2014-02-19,1.340777,1.319658
2014-02-20,3.528109,1.132642
2014-02-21,-0.745461,1.272448
2014-02-24,1.448522,1.096077
2014-02-25,-0.451578,0.644796
2014-02-26,-0.160059,0.959756
2014-02-27,-1.122396,1.008264
2014-02-28,-0.648643,0.810397
2014-03-03,-0.489670,0.933115
2014-03-04,1.038834,0.642942
2014-03-05,0.865775,0.609229
2014-03-06,-1.394831,0.735667
2014-03-07,-0.108835,0.674216
2014-03-10,-1.470570,0.746301
2014-03-11,0.995012,0.724300
2014-03-12,0.273687,0.585403
2014-03-13,-3.165922,0.941282
2014-03-14,0.450945,1.175897
2014-03-17,0.000000,0.811873
2014-03-18,2.356905,0.856369
2014-03-19,1.754374,1.088348
2014-03-20,0.053879,0.577302
2014-03-21,-0.161531,1.758557
2014-03-24,-0.485451,0.934148
2014-03-25,0.000000,0.943005
2014-03-26,-2.276419,1.711248
2014-03-27,-1.331109,1.610370
2014-03-28,0.618304,1.161478
2014-03-31,0.055859,0.787388
2014-04-01,4.131768,1.918352
2014-04-02,-0.643426,0.663026
2014-04-03,1.079346,1.657024
2014-04-04,-3.096653,0.975456
2014-04-07,0.330600,1.121130
2014-04-08,3.569451,1.211077
2014-04-09,-0.106051,1.062011
2014-04-10,-2.441597,0.917068
2014-04-11,-1.414603,0.870087
2014-04-14,1.103775,0.724575
2014-04-15,0.709608,0.761562
2014-04-16,0.216802,0.587031
2014-04-17,0.378577,0.389675
2014-04-21,0.808191,0.298414
2014-04-22,0.855186,0.690202
2014-04-23,1.165839,0.712593
2014-04-24,0.890507,1.072758
2014-04-25,-2.751795,0.879351
2014-04-28,-0.427143,0.656842
2014-04-29,0.214484,0.508809
2014-04-30,-1.177088,0.922116
2014-05-01,0.541412,0.630831
2014-05-02,-0.753912,0.501294
2014-05-05,1.085195,0.825644
2014-05-06,-2.039723,1.468826
2014-05-07,0.109582,1.039515
2014-05-08,1.258903,1.579943
2014-05-09,-2.432429,1.966035
2014-05-12,2.936285,1.060440
2014-05-13,-1.614641,0.789367
2014-05-14,-0.984691,0.774701
2014-05-15,-0.552487,1.197561
2014-05-16,-0.222216,1.026345
2014-05-19,3.229424,1.271489
2014-05-20,-1.165002,0.867457
2014-05-21,0.000000,0.733622
2014-05-22,0.438592,0.444691
2014-05-23,0.927941,0.652109
2014-05-27,1.784733,0.766506
2014-05-28,0.850177,0.823902
2014-05-29,-0.158050,0.624201
2014-05-30,0.263826,0.890032
2014-06-02,-0.315799,0.670423
2014-06-03,-0.422376,0.894224
2014-06-04,0.106030,0.592390
2014-06-05,0.423764,0.727346
2014-06-06,0.369165,0.633637
2014-06-09,0.105122,1.028551
2014-06-10,0.524929,0.962939
2014-06-11,1.305486,1.199924
2014-06-12,0.618557,1.504272
2014-06-13,0.102452,0.989506
2014-06-16,-0.307078,0.881321
2014-06-17,0.667373,0.712838
2014-06-18,-0.102013,1.021615
2014-06-19,-2.297057,2.271399
2014-06-20,-1.097197,1.591928
2014-06-23,-1.162171,1.777867
2014-06-24,-1.549954,1.127690
2014-06-25,1.031473,0.869127
2014-06-26,-1.343380,1.038452
2014-06-27,0.108959,1.203355
2014-06-30,0.870502,0.708360
2014-07-01,1.132678,1.260609
2014-07-02,-0.373313,0.693073
2014-07-03,0.910045,0.527355
2014-07-07,-0.795751,0.496108
2014-07-08,-0.802127,0.869281
2014-07-09,3.018843,1.526020
2014-07-10,-0.523274,1.014346
2014-07-11,0.210420,0.728209
2014-07-14,1.259856,1.068124
2014-07-15,0.414686,1.535768
2014-07-16,-0.103258,1.196015
2014-07-17,-0.258386,1.179347
2014-07-18,-4.455939,2.021427
2014-07-21,0.596533,0.852235
2014-07-22,-0.431289,1.066931
2014-07-23,-2.111507,1.084034
2014-07-24,0.165889,0.924453
2014-07-25,-1.766955,0.959595
2014-07-28,-0.393493,1.189176
2014-07-29,0.338611,0.780770
2014-07-30,1.687307,0.875948
2014-07-31,-3.207965,1.449267
2014-08-01,1.085728,0.762352
2014-08-04,-0.226135,0.826186
2014-08-05,0.056646,0.999485
2014-08-06,-0.113256,0.739677
2014-08-07,-1.020398,1.387246
2014-08-08,8.820147,2.971668
2014-08-11,-0.526324,1.025312
2014-08-12,0.000000,0.871764
2014-08-13,0.582028,0.766527
2014-08-14,-1.104680,0.772003
2014-08-15,1.276609,1.126903
2014-08-18,1.365519,0.892615
2014-08-19,0.806650,0.775117
2014-08-20,-0.619478,0.696968
2014-08-21,-0.935078,0.868873
2014-08-22,0.052426,0.797850
2014-08-25,0.157222,0.488268
2014-08-26,1.779185,0.883235
2014-08-27,-1.131095,0.594325
2014-08-28,0.832019,0.589764
2014-08-29,0.309442,0.708225
2014-09-02,0.257086,0.657464
2014-09-03,0.923083,0.893001
2014-09-04,1.778429,1.704141
2014-09-05,-0.299567,0.840291
2014-09-08,-0.901327,1.084783
2014-09-09,-1.263275,0.747750
2014-09-10,0.358238,0.667403
2014-09-11,-1.019902,0.994565
2014-09-12,-1.494070,1.042653
2014-09-15,-1.359819,1.166699
2014-09-16,1.484657,0.885620
2014-09-17,0.052228,0.708118
2014-09-18,1.514368,0.909709
2014-09-19,-1.851871,2.491911
2014-09-22,-0.995795,0.859276
2014-09-23,-0.423517,0.765454
2014-09-24,0.584803,0.617656
2014-09-25,-2.167029,1.180159
2014-09-26,0.216116,0.932471
2014-09-29,-0.161754,0.796779
2014-09-30,-0.377941,1.059004
2014-10-01,-0.975637,1.319520
2014-10-02,-0.437835,1.068126
2014-10-03,0.219883,0.918279
2014-10-06,-0.603409,0.766424
2014-10-07,-1.048559,1.190083
2014-10-08,1.840488,1.005139
2014-10-09,-1.916777,1.166106
2014-10-10,-5.918480,2.598734
2014-10-13,-0.356073,1.383124
2014-10-14,2.322828,1.286889
2014-10-15,1.513379,1.345880
2014-10-16,0.057333,1.125243
2014-10-17,-0.171915,0.912448
2014-10-20,0.861084,0.660998
2014-10-21,4.268641,1.162461
2014-10-22,-2.347153,0.773188
2014-10-23,2.235874,0.683549
2014-10-24,1.038806,0.678864
2014-10-27,0.054127,0.471050
2014-10-28,2.379657,0.631729
2014-10-29,-0.633917,0.559986
2014-10-30,-0.637947,0.584116
2014-10-31,4.547868,0.897634
2014-11-03,1.688835,1.077956
2014-11-04,1.308523,1.234013
2014-11-05,0.000000,1.138556
2014-11-06,0.447088,1.319878
2014-11-07,-2.126600,1.488105
2014-11-10,1.162194,1.008529
2014-11-11,-1.198799,0.745523
2014-11-12,-0.657213,0.737204
2014-11-13,-0.508900,0.842281
2014-11-14,1.227606,0.613432
2014-11-17,-0.454744,0.623191
2014-11-18,2.385749,0.822442
2014-11-19,-0.373406,0.978969
2014-11-20,1.649188,0.900067
2014-11-21,0.540751,0.809417
2014-11-24,0.635730,0.554514
2014-11-25,-0.048556,0.777084
2014-11-26,1.701509,0.896068
2014-11-28,0.238970,0.504898
2014-12-01,-1.859800,0.775848
2014-12-02,0.145782,1.017770
2014-12-03,2.571571,1.192459
2014-12-04,-0.898773,0.789553
2014-12-05,0.572793,0.729180
2014-12-08,-1.281454,1.051671
2014-12-09,-0.336552,1.170317
2014-12-10,-2.218979,1.012184
2014-12-11,-0.049347,0.673302
2014-12-12,-3.109566,1.635967
2014-12-15,-0.305649,1.254921
2014-12-16,-1.124176,0.892276
2014-12-17,4.082703,1.653498
2014-12-18,0.397198,1.047503
2014-12-19,0.989130,1.512726
2014-12-22,1.762969,0.675870
2014-12-23,-0.625610,0.501466
2014-12-24,-0.387370,0.210744
2014-12-26,0.097201,0.251420
2014-12-29,-0.145675,0.412608
2014-12-30,-0.924181,0.563618
2014-12-31,-1.570888,0.852680
2015-01-02,0.398999,0.595029
2015-01-05,-1.689047,1.084595
2015-01-06,-3.031809,1.079831
2015-01-07,-0.260539,1.741879
2015-01-08,3.761723,1.497592
2015-01-09,0.402816,1.093020
2015-01-12,-1.253771,0.993571
2015-01-13,-0.152340,1.215693
2015-01-14,0.406920,0.815621
2015-01-15,-0.709217,1.019127
2015-01-16,1.836725,0.978146
2015-01-20,0.300608,0.791077
2015-01-21,1.398608,0.836536
2015-01-22,1.724109,0.973655
2015-01-23,0.290588,0.731700
2015-01-26,-0.434576,0.806894
2015-01-27,-4.801175,2.111703
2015-01-28,-1.630157,1.476021
2015-01-29,2.433956,1.211459
2015-01-30,-2.932252,1.487856
2015-02-02,2.187498,1.254019
2015-02-03,2.497432,0.856072
2015-02-04,0.248675,0.849835
2015-02-05,1.636911,0.660071
2015-02-06,-0.439279,1.033454
2015-02-09,-0.098005,1.369402
2015-02-10,2.796849,1.112844
2015-02-11,-0.668255,1.564727
2015-02-12,7.160026,3.234971
2015-02-13,0.044838,1.317667
2015-02-17,0.313751,0.842387
2015-02-18,-1.161767,0.705007
2015-02-19,0.271243,0.694368
2015-02-20,0.721365,0.643251
2015-02-23,-0.805681,0.509938
2015-02-24,1.064548,0.608689
2015-02-25,-0.761963,0.502967
2015-02-26,0.270942,0.651948
2015-02-27,-0.630600,0.689305
2015-03-02,2.447823,1.342518
2015-03-03,-1.858417,0.713424
2015-03-04,1.127190,1.032078
2015-03-05,1.917074,1.455481
2015-03-06,-1.356079,1.123810
2015-03-09,0.266037,0.946806
2015-03-10,1.724929,2.238924
2015-03-11,-0.521751,1.056343
2015-03-12,-0.917810,1.628313
2015-03-13,0.132369,1.413174
2015-03-16,1.189366,0.994106
2015-03-17,1.218966,1.277776
2015-03-18,-1.634371,1.727715
2015-03-19,1.530402,1.234739
2015-03-20,1.076661,1.785876
2015-03-23,-3.238175,1.555014
2015-03-24,-1.365024,1.143488
2015-03-25,-6.071464,1.820237
2015-03-26,-0.332672,0.977796
2015-03-27,1.955170,0.973489
2015-03-30,0.420929,0.755986
2015-03-31,-2.515137,1.074247
2015-04-01,0.382176,0.965945
2015-04-02,0.238058,0.552905
2015-04-06,2.896457,1.512429
2015-04-07,0.876808,1.169367
2015-04-08,0.731890,1.007829
2015-04-09,2.316107,1.067179
2015-04-10,1.020862,0.715881
2015-04-13,-0.922670,0.668712
2015-04-14,-0.842591,0.633210
2015-04-15,1.207541,0.701826
2015-04-16,-0.618629,0.451117
2015-04-17,-1.289513,0.886334
2015-04-20,-0.495462,0.700963
2015-04-21,-0.135811,0.722628
2015-04-22,1.133276,0.670967
2015-04-23,-0.403438,0.856088
2015-04-24,-0.855060,0.834279
2015-04-27,0.771647,0.870931
2015-04-28,0.495529,0.832139
2015-04-29,-0.761963,0.694885
2015-04-30,0.270942,0.802389
2015-05-01,2.477523,0.961907
2015-05-04,-0.615442,0.742356
2015-05-05,-2.565197,1.150428
2015-05-06,0.317767,1.273201
2015-05-07,1.764712,2.172353
2015-05-08,-7.381057,4.516961
2015-05-11,-0.960199,1.824616
2015-05-12,0.969508,1.239816
2015-05-13,0.576069,0.958087
2015-05-14,1.622865,0.900952
2015-05-15,0.047041,0.649764
2015-05-18,-0.140883,0.989962
2015-05-19,-0.623408,0.762336
2015-05-20,0.000000,0.589114
2015-05-21,-0.712960,0.718561
2015-05-22,-0.143658,0.639206
2015-05-26,-0.623179,0.784287
2015-05-27,5.354546,1.303252
2015-05-28,1.373667,0.959108
2015-05-29,-0.045194,0.962433
2015-06-01,1.129662,1.052513
2015-06-02,-1.965987,0.623324
2015-06-03,-1.093929,0.694645
2015-06-04,1.797282,0.901897
2015-06-05,0.769529,0.872065
2015-06-08,-2.291080,0.984462
2015-06-09,0.505739,0.833955
2015-06-10,-1.784070,1.802890
2015-06-11,1.071238,0.941291
2015-06-12,-2.718904,1.081139
2015-06-15,-0.189490,1.018546
2015-06-16,1.233995,0.840884
2015-06-17,1.172078,0.773073
2015-06-18,1.668233,0.994416
2015-06-19,-0.319105,1.161461
2015-06-22,-0.411506,1.648127
2015-06-23,-2.571163,1.265885
2015-06-24,-0.989692,0.756749
2015-06-25,0.761627,1.075483
2015-06-26,-2.031218,1.288354
2015-06-29,-2.989375,1.182350
2015-06-30,-0.049737,0.950802
2015-07-01,1.442109,0.899207
2015-07-02,0.098061,0.429414
2015-07-06,-1.224292,0.649751
2015-07-07,-1.883994,1.824964
2015-07-08,-0.707433,0.983134
2015-07-09,-1.221384,1.045652
2015-07-10,1.751689,0.650028
2015-07-13,0.658234,0.643727
2015-07-14,0.050282,0.767994
2015-07-15,-0.703858,0.826189
2015-07-16,2.227829,0.878197
2015-07-17,-0.594343,0.679022
2015-07-20,-1.843533,0.587701
2015-07-21,0.456846,0.479519
2015-07-22,-1.920176,1.212475
2015-07-23,1.236486,0.583655
2015-07-24,-1.170463,0.658104
2015-07-27,-0.566467,0.689997
2015-07-28,2.175061,0.741541
2015-07-29,1.216419,0.902714
2015-07-30,0.250375,0.749938
2015-07-31,-0.349671,0.880550
2015-08-03,1.704281,1.578505
2015-08-04,0.394278,0.997679
2015-08-05,1.030954,0.961600
2015-08-06,-0.631747,2.742216
2015-08-07,12.371672,5.532281
2015-08-10,3.481331,2.113045
2015-08-11,-0.504653,1.294946
2015-08-12,0.253585,1.112483
2015-08-13,-0.843157,0.788545
2015-08-14,0.085021,0.611832
2015-08-17,-0.637190,0.781290
2015-08-18,-0.910174,0.809093
2015-08-19,-0.389967,0.689120
2015-08-20,-3.610259,1.198140
2015-08-21,-3.113741,1.036525
2015-08-24,-3.539781,1.800836
2015-08-25,-2.076305,1.543727
2015-08-26,7.544351,1.448424
2015-08-27,3.759745,1.045225
2015-08-28,0.441892,0.701706
2015-08-31,-1.099832,0.474267
2015-09-01,-4.092593,0.779087
2015-09-02,3.014899,0.750723
2015-09-03,0.270125,0.566153
2015-09-04,-2.335001,0.648442
2015-09-08,4.275868,0.614186
2015-09-09,-1.984168,0.788445
2015-09-10,1.574513,0.992537
2015-09-11,0.310032,0.841445
2015-09-14,0.176603,0.535136
2015-09-15,1.101770,0.914760
2015-09-16,0.697503,0.480309
2015-09-17,0.909053,0.755735
2015-09-18,-0.085764,0.915507
2015-09-21,1.030457,0.801796
2015-09-22,-2.719907,0.659094
2015-09-23,0.480552,0.499214
2015-09-24,1.913070,1.271745
2015-09-25,0.725195,1.278796
2015-09-28,-1.312977,1.390990
2015-09-29,1.759673,1.321439
2015-09-30,3.964538,1.878448
2015-10-01,-1.947209,1.597232
2015-10-02,2.606488,1.231316
2015-10-05,2.499990,1.507352
2015-10-06,1.298201,1.375530
2015-10-07,1.048565,0.911614
2015-10-08,0.576457,1.348141
2015-10-09,-0.382099,1.221810
2015-10-12,1.073999,0.645651
2015-10-13,0.189777,0.842467
2015-10-14,3.636367,1.735243
2015-10-15,0.255840,1.403897
2015-10-16,1.567610,1.156935
2015-10-19,-0.179482,0.748624
2015-10-20,-0.143791,0.671605
2015-10-21,-1.296372,0.975113
2015-10-22,3.611770,0.753328
2015-10-23,0.669039,0.945943
2015-10-26,-0.454679,0.612166
2015-10-27,-0.070253,0.524882
2015-10-28,0.808703,0.559131
2015-10-29,-3.453072,0.881381
2015-10-30,2.492766,0.829429
2015-11-02,1.163184,0.529724
2015-11-03,-0.696865,1.094470
2015-11-04,-1.649083,1.299154
2015-11-05,-1.141658,1.379707
2015-11-06,13.857790,3.368919
2015-11-09,-0.443742,1.278010
2015-11-10,-1.910184,1.385266
2015-11-11,-0.973727,1.506951
2015-11-12,-0.360565,0.706942
2015-11-13,-1.973655,0.732356
2015-11-16,2.013393,0.877764
2015-11-17,0.000000,0.651245
2015-11-18,2.459972,0.888166
2015-11-19,0.290053,0.647300
2015-11-20,0.867619,0.614933
2015-11-23,-1.497314,0.633679
2015-11-24,0.808551,0.510891
2015-11-25,-0.128307,0.362154
2015-11-27,0.835195,0.230182
2015-11-30,1.051300,0.894264
2015-12-01,3.247155,1.115061
2015-12-02,-0.763371,0.777978
2015-12-03,-0.215368,0.659359
2015-12-04,4.070275,1.259266
2015-12-07,-1.896295,0.918211
2015-12-08,1.359100,0.978592
2015-12-09,-2.532764,1.192701
2015-12-10,0.825445,0.779598
2015-12-11,-1.485760,0.799522
2015-12-14,0.246234,0.981362
2015-12-15,1.228147,1.096392
2015-12-16,0.606556,0.848888
2015-12-17,-1.507352,0.916237
2015-12-18,-1.622304,1.452335
2015-12-21,2.364669,1.016204
2015-12-22,0.091196,0.461187
2015-12-23,0.394767,0.443477
2015-12-24,0.332699,0.192374
2015-12-28,-0.090417,0.529263
2015-12-29,1.629441,0.751252
2015-12-30,-0.861023,0.680762
2015-12-31,-1.287807,0.586008
2016-01-04,-1.790032,1.454578
2016-01-05,1.606402,1.947512
2016-01-06,-4.134990,1.773829
2016-01-07,-3.964480,2.490498
2016-01-08,-2.146621,1.445587
2016-01-11,0.168724,1.478213
2016-01-12,1.684630,1.643543
2016-01-13,-3.048369,1.618100
2016-01-14,-2.016386,1.949030
2016-01-15,-5.441234,2.608235
2016-01-19,0.811501,1.295497
2016-01-20,0.548851,1.325501
2016-01-21,1.164451,1.310863
2016-01-22,2.338171,0.684079
2016-01-25,-0.105487,0.705861
2016-01-26,0.985232,0.583047
2016-01-27,-1.184619,0.579644
2016-01-28,-1.093128,0.684730
2016-01-29,4.420672,0.761287
2016-02-01,0.034140,0.699569
2016-02-02,-4.232077,0.811279
2016-02-03,0.498962,0.776854
2016-02-04,0.035425,0.844058
2016-02-05,-6.309803,1.473806
2016-02-08,-4.578148,1.502760
2016-02-09,1.070582,1.023329
2016-02-10,-0.235415,0.806291
2016-02-11,-0.511176,0.830030
2016-02-12,1.699590,0.846284
2016-02-16,4.897066,1.245292
2016-02-17,2.482385,2.074148
2016-02-18,8.604460,2.756687
2016-02-19,1.331534,1.260393
2016-02-22,3.548022,1.072570
2016-02-23,0.253765,0.861373
2016-02-24,0.696212,0.776586
2016-02-25,0.219993,0.796020
2016-02-26,-0.658501,0.813218
2016-02-29,-0.649490,0.719565
2016-03-01,4.432441,0.774885
2016-03-02,0.580119,0.516206
2016-03-03,-0.880371,0.674811
2016-03-04,-0.306287,0.392794
2016-03-07,-0.645148,0.548300
2016-03-08,-1.824389,0.655188
2016-03-09,-0.063006,0.552907
2016-03-10,-0.157553,0.728300
2016-03-11,1.704542,0.710691
2016-03-14,0.248311,0.491524
2016-03-15,-0.495399,0.595835
2016-03-16,2.986971,0.991652
2016-03-17,-0.845926,1.021269
2016-03-18,3.016466,1.756514
2016-03-21,0.295757,1.084159
2016-03-22,-0.176928,0.790979
2016-03-23,1.713436,1.431952
2016-03-24,0.145233,0.805235
2016-03-28,1.015082,0.887670
2016-03-29,1.607777,0.890085
2016-03-30,1.045500,1.294208
2016-03-31,-0.363521,1.298900
2016-04-01,1.459442,1.161866
2016-04-04,-0.968216,1.304074
2016-04-05,-0.139648,1.084827
2016-04-06,0.139844,1.425730
2016-04-07,-1.033512,1.156573
2016-04-08,0.649161,0.764711
2016-04-11,0.616966,1.163121
2016-04-12,-0.111460,0.864421
2016-04-13,2.511123,1.020102
2016-04-14,0.272191,1.190082
2016-04-15,0.787192,1.239019
2016-04-18,-0.430942,0.861225
2016-04-19,-1.785209,0.896273
2016-04-20,0.385547,0.582743
2016-04-21,-0.109744,0.522191
2016-04-22,-0.384502,0.679719
2016-04-25,0.496275,0.585637
2016-04-26,0.082323,0.661884
2016-04-27,2.275220,1.095195
2016-04-28,-2.975079,1.189279
2016-04-29,-1.850838,1.004013
2016-05-02,1.322827,0.801997
2016-05-03,-1.194441,0.717095
2016-05-04,-2.277181,1.714666
2016-05-05,0.604109,0.795766
2016-05-06,1.029454,0.603386
2016-05-09,-0.141492,1.110930
2016-05-10,1.927440,0.906956
2016-05-11,0.278054,1.108001
2016-05-12,-1.358833,2.272552
2016-05-13,15.209455,6.856841
2016-05-16,2.952677,2.485881
2016-05-17,0.213299,1.479582
2016-05-18,2.554428,1.227837
2016-05-19,0.438200,0.871457
2016-05-20,1.790997,0.834320
2016-05-23,0.157920,0.866938
2016-05-24,2.427426,0.851664
2016-05-25,-0.418854,0.919335
2016-05-26,1.062674,0.615554
2016-05-27,0.547636,0.554843
2016-05-31,1.786496,0.828752
2016-06-01,0.192680,0.765706
2016-06-02,0.704968,0.640802
2016-06-03,-1.400139,0.914987
2016-06-06,-0.516351,0.626693
2016-06-07,0.194649,0.370790
2016-06-08,-0.323763,0.455926
2016-06-09,2.598529,0.920694
2016-06-10,-2.490491,0.769220
2016-06-13,1.277082,0.938946
2016-06-14,0.192329,0.702350
2016-06-15,1.023860,0.769824
2016-06-16,0.401228,0.657782
2016-06-17,-1.745556,1.308528
2016-06-20,1.797972,0.808049
2016-06-21,-0.609783,0.592461
2016-06-22,-0.084605,0.581189
2016-06-23,2.667773,0.881375
2016-06-24,-5.691903,3.084246
2016-06-27,-1.071498,1.229206
2016-06-28,1.458889,1.021363
2016-06-29,1.633992,0.856420
2016-06-30,0.771731,1.167886
2016-07-01,-0.744547,0.584071
2016-07-05,1.478800,1.025239
2016-07-06,0.633536,0.749509
2016-07-07,2.602336,1.073399
2016-07-08,4.009006,1.280367
2016-07-11,2.300892,1.190735
2016-07-12,1.499421,1.151406
2016-07-13,-0.037899,0.860138
2016-07-14,1.023141,0.836791
2016-07-15,-1.162807,1.129447
2016-07-18,0.512356,0.651035
2016-07-19,1.038286,1.013113
2016-07-20,1.307930,0.775782
2016-07-21,-1.844334,0.935204
2016-07-22,2.724533,0.800881
2016-07-25,1.847473,0.790870
2016-07-26,1.706160,1.429538
2016-07-27,-1.006509,1.229892
2016-07-28,0.214017,0.605631
2016-07-29,1.637599,1.132804
2016-08-01,-0.647992,0.835278
2016-08-02,-1.216268,0.775429
2016-08-03,0.267674,0.832353
2016-08-04,1.850881,0.754278
2016-08-05,1.694908,1.045492
2016-08-08,0.927800,0.871856
2016-08-09,0.255370,1.086449
2016-08-10,-0.645236,1.106760
2016-08-11,2.033806,1.991110
2016-08-12,5.594649,3.957531
2016-08-15,-0.095168,1.397902
2016-08-16,-0.603388,0.675029
2016-08-17,-2.316288,1.412520
2016-08-18,1.553572,0.760184
2016-08-19,0.257618,0.670500
2016-08-22,0.417621,0.564418
2016-08-23,0.809224,0.789708
2016-08-24,-1.541879,0.708057
2016-08-25,-0.661904,0.980537
2016-08-26,0.812593,0.708779
2016-08-29,-0.064495,0.657347
2016-08-30,-0.580723,0.685587
2016-08-31,-0.470547,0.932576
2016-09-01,2.950766,1.017624
2016-09-02,-0.981809,0.753504
2016-09-06,0.943536,0.719476
2016-09-07,-1.473360,0.933093
2016-09-08,0.723557,0.738201
2016-09-09,-4.980817,1.642518
2016-09-12,2.066539,1.405534
2016-09-13,-1.448585,1.227694
2016-09-14,0.885264,0.841382
2016-09-15,3.791391,1.353098
2016-09-16,0.239272,2.395245
2016-09-19,1.320811,1.029176
2016-09-20,-0.910934,0.804488
2016-09-21,2.805506,0.808397
2016-09-22,0.246680,0.742641
2016-09-23,-0.107669,0.663402
2016-09-26,-0.939178,0.561428
2016-09-27,3.419365,0.991410
2016-09-28,0.360663,0.774968
2016-09-29,0.928440,0.812542
2016-09-30,1.661686,1.044117
2016-10-03,-0.102148,0.589057
2016-10-04,-0.219152,0.690576
2016-10-05,-0.102470,0.751296
2016-10-06,-1.304401,0.896220
2016-10-07,-0.727653,0.708312
2016-10-10,0.373974,0.750520
2016-10-11,-1.445598,1.055673
2016-10-12,0.453659,1.153981
2016-10-13,-1.625806,1.057420
2016-10-14,0.979403,0.911654
2016-10-17,-0.575893,0.584663
2016-10-18,1.524130,0.833978
2016-10-19,-0.210147,0.622238
2016-10-20,1.895598,0.996908
2016-10-21,-0.280556,0.892371
2016-10-24,4.693553,1.084392
2016-10-25,1.640486,1.246432
2016-10-26,0.403504,1.047639
2016-10-27,-2.050992,1.217185
2016-10-28,-0.169765,0.903524
2016-10-31,0.850333,0.801336
2016-11-01,-2.965128,1.500162
2016-11-02,-0.420032,0.910221
2016-11-03,-1.163457,0.954136
2016-11-04,-0.573852,1.020987
2016-11-07,5.475786,1.504191
2016-11-08,-0.154327,1.286566
2016-11-09,-1.686353,1.357918
2016-11-10,-3.130358,2.571602
2016-11-11,29.806716,6.009423
2016-11-14,-4.922169,2.969450
2016-11-15,3.048802,1.223081
2016-11-16,6.311674,1.865058
2016-11-17,0.829376,1.463488
2016-11-18,1.049893,0.967802
2016-11-21,-0.406999,0.715407
2016-11-22,0.720550,0.537286
2016-11-23,0.491984,0.724801
2016-11-25,0.202185,0.316959
2016-11-28,-0.053128,0.458942
2016-11-29,-0.913839,0.732717
2016-11-30,-1.125993,0.714693
2016-12-01,-4.945755,1.684568
2016-12-02,0.924234,0.733919
2016-12-05,3.877895,0.912376
2016-12-06,1.643442,0.740270
2016-12-07,1.798913,0.712975
2016-12-08,-1.672435,0.563656
2016-12-09,-1.775762,0.567936
2016-12-12,-2.428708,0.926821
2016-12-13,1.763603,0.680212
2016-12-14,5.791350,1.884800
2016-12-15,2.343219,1.382611
2016-12-16,1.722213,2.063956
2016-12-19,1.215017,1.377181
2016-12-20,3.483205,1.544334
2016-12-21,0.627583,1.011260
2016-12-22,1.209492,1.234708
2016-12-23,2.492741,1.087136
2016-12-27,6.868298,1.931276
2016-12-28,-6.878640,3.456635
2016-12-29,1.995411,2.874728
2016-12-30,-4.208922,1.438035
2017-01-03,-4.431271,1.762213
2017-01-04,2.333047,1.327275
2017-01-05,-2.538570,1.054565
2017-01-06,1.336775,0.859252
2017-01-09,4.054315,0.939988
2017-01-10,-0.755050,0.879618
2017-01-11,-1.230357,0.512138
2017-01-12,-1.635666,0.611773
2017-01-13,-0.009622,0.442544
2017-01-17,-2.243075,0.575884
2017-01-18,1.819823,0.654481
2017-01-19,2.146681,0.659272
2017-01-20,-1.093636,0.505590
2017-01-23,1.038391,0.387185
2017-01-24,2.131528,0.452938
2017-01-25,0.428590,0.561789
2017-01-26,1.725556,0.496386
2017-01-27,1.933432,0.531822
2017-01-30,-1.565718,0.622871
2017-01-31,-0.763482,0.509238
2017-02-01,4.368888,0.880811
2017-02-02,1.263717,0.774122
2017-02-03,-0.875278,0.633441
2017-02-06,2.561634,0.908405
2017-02-07,1.551463,1.376641
2017-02-08,-0.436509,0.842604
2017-02-09,-1.880104,1.645662
2017-02-10,-2.371522,3.128026
2017-02-13,-4.611904,2.038852
2017-02-14,0.369098,1.382563
2017-02-15,0.202258,0.593264
2017-02-16,-1.605516,1.052852
2017-02-17,-0.018650,0.916944
2017-02-21,3.581094,0.892564
2017-02-22,-0.153266,0.691279
2017-02-23,-9.272312,2.537344
2017-02-24,0.965303,1.511710
2017-02-27,2.907515,1.007834
2017-02-28,-2.806243,0.866138
2017-03-01,1.290897,0.692958
2017-03-02,-3.687093,1.025493
2017-03-03,-0.575793,1.162539
2017-03-06,-0.772114,1.158218
2017-03-07,1.095541,0.765338
2017-03-08,-0.182314,0.805192
2017-03-09,-0.020279,0.606778
2017-03-10,0.588559,0.633151
2017-03-13,2.754261,1.002574
2017-03-14,-0.068716,0.716759
2017-03-15,0.756534,0.884479
2017-03-16,1.228660,0.765230
2017-03-17,2.177044,1.620178
2017-03-20,3.186580,1.047366
2017-03-21,-3.234324,1.261794
2017-03-22,2.039437,0.831181
2017-03-23,-0.906777,0.710799
2017-03-24,0.354824,0.629444
2017-03-27,0.725764,0.757638
2017-03-28,-0.517310,0.656933
2017-03-29,-0.325040,0.539585
2017-03-30,1.919123,0.820002
2017-03-31,-0.429594,0.700306
2017-04-03,-0.504911,0.731981
2017-04-04,-7.012372,2.168163
2017-04-05,-0.744170,1.205434
2017-04-06,0.729769,1.015947
2017-04-07,-0.426778,0.677829
2017-04-10,-2.551537,1.201538
2017-04-11,0.357960,0.983404
2017-04-12,-0.825523,0.653775
2017-04-13,-1.870331,0.813188
2017-04-17,3.916672,0.798826
2017-04-18,0.060484,0.625821
2017-04-19,0.392768,0.665218
2017-04-20,1.585085,0.740155
2017-04-21,0.414768,0.638800
2017-04-24,1.248987,0.707401
2017-04-25,1.738732,0.743810
2017-04-26,-0.687434,0.633336
2017-04-27,1.557408,0.625577
2017-04-28,-1.268474,0.683465
2017-05-01,2.243524,0.614642
2017-05-02,-2.963247,1.275208
2017-05-03,0.744143,0.669454
2017-05-04,-0.383681,0.459524
2017-05-05,0.009581,0.531635
2017-05-08,-1.049464,0.892275
2017-05-09,0.165398,2.087120
2017-05-10,17.825926,5.183922
2017-05-11,4.295485,3.989217
2017-05-12,1.098820,1.711191
2017-05-15,5.019957,1.857994
2017-05-16,1.861377,1.822743
2017-05-17,-6.644284,1.948840
2017-05-18,4.188880,1.658823
2017-05-19,2.309485,1.386484
2017-05-22,2.132377,1.088875
2017-05-23,-1.346315,0.860637
2017-05-24,1.123829,1.012147
2017-05-25,-0.223704,0.732229
2017-05-26,2.589310,0.921973
2017-05-30,2.136223,1.141963
2017-05-31,-0.358935,0.985119
2017-06-01,0.006906,0.550949
2017-06-02,-0.498763,0.528746
2017-06-05,3.042346,0.873459
2017-06-06,-0.452658,0.786051
2017-06-07,1.208069,0.621995
2017-06-08,7.255914,1.193784
2017-06-09,-6.464929,3.993246
2017-06-12,0.247326,1.676657
2017-06-13,0.953539,1.594082
2017-06-14,0.211331,1.098472
2017-06-15,0.428449,0.891076
2017-06-16,-0.492240,0.867478
2017-06-19,3.759409,0.737810
2017-06-20,-0.146216,1.050584
2017-06-21,1.515071,0.646670
2017-06-22,-0.689792,0.444375
2017-06-23,-2.866711,1.048363
2017-06-26,-1.092099,1.001480
2017-06-27,-3.660868,0.928354
2017-06-28,3.527090,0.923711
2017-06-29,-3.341006,0.983300
2017-06-30,-1.445346,0.658283
2017-07-03,-3.617911,0.631557
2017-07-05,2.669951,0.734067
2017-07-06,0.300603,0.666091
2017-07-07,2.286034,0.581124
2017-07-10,4.728815,0.869981
2017-07-11,1.418341,0.785433
2017-07-12,4.253299,1.247451
2017-07-13,-1.156894,1.535463
2017-07-14,2.689417,1.045565
2017-07-17,-0.424342,1.034438
2017-07-18,1.041123,0.862841
2017-07-19,-0.518259,0.763366
2017-07-20,1.453659,0.795358
2017-07-21,0.358219,0.736367
2017-07-24,-1.160025,0.733662
2017-07-25,-0.481436,0.572331
2017-07-26,1.155097,0.763082
2017-07-27,-3.300288,0.953216
2017-07-28,1.638440,0.633236
2017-07-31,-1.143581,0.714669
2017-08-01,1.218317,0.556947
2017-08-02,-0.060766,0.628980
2017-08-03,1.271405,0.594987
2017-08-04,0.438475,0.808769
2017-08-07,3.073971,0.989408
2017-08-08,-1.189426,1.059321
2017-08-09,1.062875,0.744534
2017-08-10,-4.282195,1.946812
2017-08-11,-5.329623,2.201326
2017-08-14,7.976386,1.806790
2017-08-15,-0.843193,1.054080
2017-08-16,-1.095994,0.823279
2017-08-17,-2.228239,0.729599
2017-08-18,0.018586,0.845012
2017-08-21,-1.455098,0.879504
2017-08-22,2.226241,0.636529
2017-08-23,1.999389,0.821583
2017-08-24,-0.367883,0.668778
2017-08-25,-0.835395,0.520193
2017-08-28,0.708119,0.573750
2017-08-29,-0.163672,0.483472
2017-08-30,0.594987,0.578056
2017-08-31,2.269479,0.927908
2017-09-01,0.601957,0.666018
2017-09-05,-2.669209,1.051010
2017-09-06,-0.060286,0.602066
2017-09-07,0.464387,0.549100
2017-09-08,-1.734921,0.787170
2017-09-11,3.243956,0.958080
2017-09-12,0.360963,0.753938
2017-09-13,0.448053,1.156351
2017-09-14,-0.569328,1.041528
2017-09-15,6.322317,2.790510
2017-09-18,4.130799,3.171938
2017-09-19,-0.106640,1.493950
2017-09-20,-0.805991,1.212760
2017-09-21,-2.733521,1.759048
2017-09-22,-0.973645,0.772048
2017-09-25,-4.469273,1.372218
2017-09-26,0.561406,1.697213
2017-09-27,2.192320,1.019566
2017-09-28,-0.028415,0.604922
2017-09-29,1.758899,0.857413
2017-10-02,0.128645,0.696987
2017-10-03,0.206678,0.538189
2017-10-04,0.836253,0.602588
2017-10-05,-0.055289,0.614684
2017-10-06,0.293192,0.445406
2017-10-09,2.255926,0.797302
2017-10-10,1.909496,1.379768
2017-10-11,1.063872,0.720693
2017-10-12,0.047167,0.721565
2017-10-13,1.863546,0.857891
2017-10-16,1.716455,0.828418
2017-10-17,-0.090945,0.747010
2017-10-18,-0.085991,0.913702
2017-10-19,0.111367,0.931085
2017-10-20,-0.455023,0.768353
2017-10-23,-0.142218,0.731818
2017-10-24,1.047738,0.722702
2017-10-25,-2.526668,1.569725
2017-10-26,1.048244,0.605177
2017-10-27,3.152923,1.084354
2017-10-30,0.980877,0.959494
2017-10-31,1.457015,0.784043
2017-11-01,0.188564,0.954664
2017-11-02,-0.608094,0.645646
2017-11-03,1.335359,0.673054
2017-11-06,0.450405,0.739696
2017-11-07,1.144885,0.824894
2017-11-08,-1.353544,1.064862
2017-11-09,-1.835951,1.993790
2017-11-10,5.269835,2.441473
2017-11-13,-1.623974,1.069471
2017-11-14,0.728983,0.971476
2017-11-15,-1.960992,0.917022
2017-11-16,0.776284,0.811925
2017-11-17,-0.118139,0.959109
2017-11-20,1.286942,0.732364
2017-11-21,0.920172,0.740282
2017-11-22,-0.449284,0.661893
2017-11-24,0.944524,0.350810
2017-11-27,-1.299785,0.832239
2017-11-28,-1.601794,1.024116
2017-11-29,-6.781801,2.787375
2017-11-30,2.184080,1.496790
2017-12-01,-1.509644,1.432777
2017-12-04,-5.574675,2.103560
2017-12-05,0.578626,1.547507
2017-12-06,0.809645,0.703557
2017-12-07,1.442438,0.814981
2017-12-08,-0.260435,0.700213
2017-12-11,1.655429,0.581349
2017-12-12,-1.962393,0.761976
2017-12-13,-2.441834,0.938210
2017-12-14,0.155783,0.740099
2017-12-15,2.729644,1.137882
2017-12-18,3.309678,0.795831
2017-12-19,-0.904500,0.623537
2017-12-20,0.351832,0.483615
2017-12-21,-0.462378,0.508548
2017-12-22,-0.316514,0.791767
2017-12-26,1.111283,0.588678
2017-12-27,-0.136797,0.549338
2017-12-28,0.116706,0.406767
2017-12-29,-1.975704,0.525457
2018-01-02,3.023257,0.703339
2018-01-03,6.581391,1.894526
2018-01-04,0.527147,1.250287
2018-01-05,0.847412,1.298990
2018-01-08,3.064060,1.948512
2018-01-09,-0.027004,1.059291
2018-01-10,0.784009,1.237899
2018-01-11,0.178792,0.843819
2018-01-12,-0.490908,0.751807
2018-01-16,-1.287090,1.497492
2018-01-17,2.094372,1.116507
2018-01-18,-0.124586,0.859113
2018-01-19,2.526315,1.290539
2018-01-22,1.555773,1.138304
2018-01-23,2.233724,0.955980
2018-01-24,-1.301743,1.146582
2018-01-25,0.233201,0.801319
2018-01-26,2.953282,1.004092
2018-01-29,1.446597,0.869213
2018-01-30,-1.673071,1.068296
2018-01-31,1.268952,0.871911
2018-02-01,-2.156239,0.935488
2018-02-02,-2.902280,1.342281
2018-02-05,-8.487494,2.149760
2018-02-06,5.559195,1.951442
2018-02-07,1.427429,1.377362
2018-02-08,-4.930054,1.912258
2018-02-09,6.693638,2.673752
2018-02-12,-1.745115,1.584902
2018-02-13,2.017291,0.861124
2018-02-14,3.778553,1.031036
2018-02-15,2.104223,0.953620
2018-02-16,-1.079138,0.853160
2018-02-20,2.148947,0.916430
2018-02-21,-3.039180,1.180931
2018-02-22,0.327311,0.688226
2018-02-23,1.561013,0.536455
2018-02-26,0.264301,0.606012
2018-02-27,-0.210868,0.589886
2018-02-28,-1.649996,0.677532
2018-03-01,-4.045461,1.351323
2018-03-02,1.864668,1.144959
2018-03-05,-0.376251,0.759366
2018-03-06,2.762560,0.783659
2018-03-07,-0.132130,0.739273
2018-03-08,-0.272891,0.542340
2018-03-09,1.720691,0.683180
2018-03-12,1.805734,0.854563
2018-03-13,-0.820784,0.946857
2018-03-14,0.415788,0.801247
2018-03-15,0.241244,0.643241
2018-03-16,0.457190,0.657288
2018-03-19,-3.784717,1.204147
2018-03-20,3.560153,0.929813
2018-03-21,-0.408688,0.743552
2018-03-22,-2.699566,0.971596
2018-03-23,-3.671700,1.294761
2018-03-26,4.940583,1.046659
2018-03-27,-7.755233,2.382994
2018-03-28,-1.849081,1.480401
2018-03-29,4.626168,1.388640
2018-04-02,-4.551129,1.410108
2018-04-03,1.945230,1.019994
2018-04-04,0.394943,1.201751
2018-04-05,-2.148129,1.055607
2018-04-06,-3.220720,0.989089
2018-04-09,0.541408,0.731522
2018-04-10,5.802918,1.115918
2018-04-11,-0.732778,0.666647
2018-04-12,3.695178,0.870327
2018-04-13,-1.321376,0.732401
2018-04-16,-0.004322,0.507009
2018-04-17,2.613505,0.648666
2018-04-18,-0.492545,0.578834
2018-04-19,-3.101088,0.706625
2018-04-20,-0.144033,0.576742
2018-04-23,-2.111865,0.646394
2018-04-24,-1.197076,0.641821
2018-04-25,-2.052449,0.925118
2018-04-26,3.950909,0.631530
2018-04-27,0.492844,0.707466
2018-04-30,-0.631833,0.606211
2018-05-01,0.995988,0.496557
2018-05-02,-0.365395,0.546983
2018-05-03,2.951698,0.954296
2018-05-04,2.605267,0.887471
2018-05-07,4.024087,1.568659
2018-05-08,0.691660,1.131468
2018-05-09,2.148562,1.371868
2018-05-10,1.700692,2.249947
2018-05-11,-2.152799,2.629650
2018-05-14,0.326097,1.051743
2018-05-15,-3.837705,1.904130
2018-05-16,0.183248,1.041352
2018-05-17,0.691033,0.962637
2018-05-18,-0.714569,0.891892
2018-05-21,-0.691191,1.170680
2018-05-22,-0.630527,0.928989
2018-05-23,2.057292,0.786690
2018-05-24,0.060577,0.786943
2018-05-25,0.641932,0.522689
2018-05-29,-0.276786,0.637273
2018-05-30,1.769979,0.704918
2018-05-31,-0.316199,0.879505
2018-06-01,2.153137,0.736663
2018-06-04,2.806466,1.122908
2018-06-05,0.083051,0.670947
2018-06-06,0.030168,0.652619
2018-06-07,-0.848553,0.657075
2018-06-08,-0.235847,0.654309
2018-06-11,-0.632929,0.511103
2018-06-12,0.752094,0.676530
2018-06-13,-0.068553,0.732748
2018-06-14,1.718732,0.999351
2018-06-15,-0.618182,1.019229
2018-06-18,-0.064091,0.848806
2018-06-19,-1.855978,1.439272
2018-06-20,0.822545,0.899551
2018-06-21,-1.982380,0.890668
2018-06-22,-2.395869,1.086825
2018-06-25,-4.714091,1.667396
2018-06-26,1.200250,1.145656
2018-06-27,-2.591031,1.069718
2018-06-28,2.180566,0.790755
2018-06-29,-1.644122,0.934800
2018-07-02,2.254146,0.855070
2018-07-03,-2.229219,0.551377
2018-07-05,2.486932,0.774237
2018-07-06,1.895075,0.755518
2018-07-09,0.776298,0.781996
2018-07-10,1.604840,0.933249
2018-07-11,-2.258631,0.941125
2018-07-12,1.494754,0.879343
2018-07-13,-0.760275,0.628019
2018-07-16,-0.449218,0.512941
2018-07-17,2.211905,0.972521
2018-07-18,-0.784409,0.745019
2018-07-19,0.131092,0.660745
2018-07-20,-0.452291,0.635118
2018-07-23,-0.589908,0.878645
2018-07-24,-0.280681,1.053508
2018-07-25,1.270597,0.993967
2018-07-26,1.179141,1.038534
2018-07-27,-1.106565,0.963466
2018-07-30,-3.130686,1.117729
2018-07-31,0.298983,0.940687
2018-08-01,0.657541,0.950844
2018-08-02,1.683790,0.895144
2018-08-03,0.590505,0.715655
2018-08-06,0.765583,0.702641
2018-08-07,1.149467,0.888556
2018-08-08,0.572074,0.918318
2018-08-09,-0.758430,0.729200
2018-08-10,-0.651168,0.938900
2018-08-13,0.521987,1.371617
2018-08-14,2.073255,1.650569
2018-08-15,-0.898894,2.054950
2018-08-16,-0.633028,2.641465
2018-08-17,-4.902107,3.447339
2018-08-20,1.233595,2.262342
2018-08-21,2.211067,1.662950
2018-08-22,3.750209,1.780010
2018-08-23,1.529550,1.627553
2018-08-24,2.016199,1.149016
2018-08-27,1.351857,1.066172
2018-08-28,-0.550936,0.984932
2018-08-29,1.553433,0.853485
2018-08-30,-0.244162,0.694530
2018-08-31,1.033083,0.609647
2018-09-04,1.075936,0.771837
2018-09-05,-1.861103,0.760859
2018-09-06,-2.047270,0.616637
2018-09-07,-0.315324,0.561088
2018-09-10,1.055679,0.414522
2018-09-11,-0.702522,0.459346
2018-09-12,-1.686203,0.801856
2018-09-13,1.170756,0.587235
2018-09-14,1.875908,0.764672
2018-09-17,-0.904433,0.423507
2018-09-18,-1.062308,0.683186
2018-09-19,0.354244,0.547540
2018-09-20,-2.095767,1.109133
2018-09-21,-1.062784,1.168903
2018-09-24,0.854044,0.821040
2018-09-25,1.019966,0.810147
2018-09-26,-0.555140,0.802052
2018-09-27,0.179850,0.660827
2018-09-28,5.093464,2.257783
2018-10-01,2.967779,1.871760
2018-10-02,-0.995307,1.102987
2018-10-03,0.087256,0.921854
2018-10-04,-2.594767,1.136953
2018-10-05,-3.376395,1.227672
2018-10-08,-1.515631,1.154020
2018-10-09,-0.086536,0.752406
2018-10-10,-7.475330,1.876445
2018-10-11,-4.298066,1.917558
2018-10-12,4.852589,1.523227
2018-10-15,-4.526650,1.095980
2018-10-16,4.439662,0.967173
2018-10-17,-1.126828,0.770174
2018-10-18,-1.452305,1.209415
2018-10-19,-4.325147,1.401073
2018-10-22,0.894545,0.825376
2018-10-23,-4.394082,1.390145
2018-10-24,-9.793734,1.889792
2018-10-25,4.227513,1.908341
2018-10-26,-4.594925,1.241240
2018-10-29,-6.389603,1.421236
2018-10-30,9.363192,1.494392
2018-10-31,3.857181,1.328630
2018-11-01,3.453007,0.972463
2018-11-02,-1.462550,0.765995
2018-11-05,-1.465678,0.640059
2018-11-06,-0.335289,0.505782
2018-11-07,1.293469,0.816611
2018-11-08,-3.648414,0.877998
2018-11-09,-0.155346,0.722823
2018-11-12,-7.842689,1.098163
2018-11-13,5.154602,1.130438
2018-11-14,-1.063687,0.904589
2018-11-15,2.637045,1.420196
2018-11-16,-18.755850,3.230533
2018-11-19,-11.999033,2.514186
2018-11-20,3.026958,2.281151
2018-11-21,-2.931316,1.289892
2018-11-23,0.200415,0.513621
2018-11-26,5.551719,1.051264
2018-11-27,0.444303,0.943087
2018-11-28,4.124117,1.029327
2018-11-29,-1.594642,0.702743
2018-11-30,3.857367,0.945473
2018-12-03,4.044564,1.142363
2018-12-04,-7.604095,1.013009
2018-12-06,0.751073,0.840872
2018-12-07,-6.747099,0.808644
2018-12-10,2.879201,0.738055
2018-12-11,-2.416706,0.782398
2018-12-12,0.479118,0.750397
2018-12-13,-0.006730,0.539606
2018-12-14,-1.638787,0.545517
2018-12-17,-1.959724,0.768840
2018-12-18,2.340157,0.661419
2018-12-19,-5.737025,0.951549
2018-12-20,-2.461921,1.018886
2018-12-21,-4.093272,1.254394
2018-12-24,-1.921733,0.681633
2018-12-26,4.737182,1.017601
2018-12-27,-1.450034,0.940855
2018-12-28,1.890667,0.935551
2018-12-31,-0.112220,0.701304
2019-01-02,2.037436,0.771949
2019-01-03,-6.041692,1.088801
2019-01-04,6.406771,0.916829
2019-01-07,5.294055,1.130278
2019-01-08,-2.489526,1.251093
2019-01-09,1.966661,0.974395
2019-01-10,1.858593,0.826641
2019-01-11,2.478857,1.398656
2019-01-14,1.081745,1.147227
2019-01-15,-0.378893,0.950122
2019-01-16,-0.687244,0.715899
2019-01-17,1.934950,0.762624
2019-01-18,3.433961,1.012213
2019-01-22,-5.199770,1.035656
2019-01-23,0.349543,0.931659
2019-01-24,5.727107,1.142144
2019-01-25,1.463509,1.823984
2019-01-28,-13.824560,3.828734
2019-01-29,-4.644564,1.539207
2019-01-30,4.399684,1.255525
2019-01-31,4.629172,1.051715
2019-02-01,0.681733,0.764013
2019-02-04,3.074684,0.649307
2019-02-05,0.516166,0.668639
2019-02-06,2.033988,0.874910
2019-02-07,-3.647047,0.797675
2019-02-08,0.508779,0.577211
2019-02-11,-1.160855,0.621588
2019-02-12,3.222927,0.760052
2019-02-13,1.131196,0.785481
2019-02-14,1.079270,1.074202
2019-02-15,1.818432,1.924861
2019-02-19,-0.444923,0.657685
2019-02-20,1.219363,0.648534
2019-02-21,-1.753377,0.541631
2019-02-22,2.195538,0.489319
2019-02-25,-0.314085,0.814266
2019-02-26,-1.001950,0.625650
2019-02-27,-1.075751,0.736129
2019-02-28,-0.637688,0.502315
2019-03-01,1.419694,0.581333
2019-03-04,0.210938,0.694730
2019-03-05,-0.165828,0.626387
2019-03-06,-2.855885,0.706561
2019-03-07,-1.834910,0.797824
2019-03-08,0.924563,0.765875
2019-03-11,6.970281,1.589700
2019-03-12,0.856376,1.033633
2019-03-13,3.753342,1.361036
2019-03-14,-1.814701,0.905119
2019-03-15,2.567042,1.161456
2019-03-18,-0.506468,0.867706
2019-03-19,4.001217,1.677227
2019-03-20,-0.745582,1.370048
2019-03-21,5.470222,1.544190
2019-03-22,-3.501139,1.352949
2019-03-25,-2.095793,0.921589
2019-03-26,1.778099,1.248776
2019-03-27,-0.209160,0.826273
2019-03-28,0.424934,0.838426
2019-03-29,1.303199,0.786962
2019-04-01,1.514815,0.826248
2019-04-02,0.395026,0.748262
2019-04-03,3.071010,1.320900
2019-04-04,-0.190844,0.747154
2019-04-05,1.428879,0.786493
2019-04-08,0.439901,0.689196
2019-04-09,-1.319124,0.741054
2019-04-10,1.500579,0.758051
2019-04-11,-0.291532,0.656589
2019-04-12,-0.798815,0.837423
2019-04-15,-2.794568,0.794682
2019-04-16,1.900398,0.716226
2019-04-17,-0.488837,0.664213
2019-04-18,-0.528644,0.746971
2019-04-22,1.164829,0.573783
2019-04-23,1.167321,0.746742
2019-04-24,0.262196,0.698467
2019-04-25,-2.228356,1.144362
2019-04-26,-4.718844,1.986006
2019-04-29,0.696258,0.857608
2019-04-30,0.931261,0.799836
2019-05-01,-0.292839,0.791337
2019-05-02,1.507198,0.890199
2019-05-03,-0.098282,0.794537
2019-05-06,-1.726650,1.010239
2019-05-07,-3.747553,1.338141
2019-05-08,0.467876,0.994538
2019-05-09,-2.144667,1.570411
2019-05-10,-0.805001,1.320721
2019-05-13,-6.142608,1.489769
2019-05-14,2.265727,1.165859
2019-05-15,-1.518177,1.105340
2019-05-16,0.382224,1.698696
2019-05-17,-2.284767,2.123467
2019-05-20,-3.053731,1.114321
2019-05-21,2.181238,0.685343
2019-05-22,-1.844459,0.616322
2019-05-23,-3.206294,1.118558
2019-05-24,-1.472983,0.669958
2019-05-28,-1.253876,0.842937
2019-05-29,-2.086093,1.097663
2019-05-30,-0.763312,0.758508
2019-05-31,-2.623835,0.746822
2019-06-03,-1.240202,0.917664
2019-06-04,6.891912,1.214034
2019-06-05,-1.202807,0.948028
2019-06-06,1.769544,0.759354
2019-06-07,1.196289,0.649721
2019-06-10,2.013751,0.772553
2019-06-11,1.562988,0.748250
2019-06-12,-3.018223,0.718684
2019-06-13,1.409020,0.627359
2019-06-14,-2.441657,0.819399
2019-06-17,0.269621,0.597451
2019-06-18,5.412691,1.370099
2019-06-19,0.156984,0.779933
2019-06-20,0.640006,0.826431
2019-06-21,-1.518495,1.022362
2019-06-24,0.593048,0.678443
2019-06-25,-0.772956,0.754537
2019-06-26,5.135986,1.433309
2019-06-27,2.492816,1.089861
2019-06-28,0.612612,0.966928
2019-07-01,1.181301,1.724102
2019-07-02,-2.371101,0.945668
2019-07-03,0.320516,0.599880
2019-07-05,-1.548370,0.996629
2019-07-08,-1.884787,0.830044
2019-07-09,0.063600,0.865021
2019-07-10,1.748158,1.149255
2019-07-11,3.886052,1.720271
2019-07-12,0.799848,1.226255
2019-07-15,-0.202864,0.685406
2019-07-16,-0.113583,0.817548
2019-07-17,1.574093,0.827256
2019-07-18,0.276928,1.080550
2019-07-19,-1.022438,0.831564
2019-07-22,1.709785,0.762234
2019-07-23,2.533294,1.047992
2019-07-24,1.707842,0.880736
2019-07-25,-2.955328,0.938244
2019-07-26,0.974730,0.670352
2019-07-29,-0.142771,0.619757
2019-07-30,0.360340,0.503314
2019-07-31,-3.835834,0.978427
2019-08-01,-2.252269,1.153058
2019-08-02,-2.261688,1.145227
2019-08-05,-6.452010,1.568495
2019-08-06,1.034535,0.929707
2019-08-07,1.010815,0.956490
2019-08-08,2.839697,0.802268
2019-08-09,-2.578027,0.931712
2019-08-12,-1.770645,0.778497
2019-08-13,3.037291,0.982821
2019-08-14,-3.832068,1.170777
2019-08-15,-0.866293,1.317441
2019-08-16,7.252822,2.769366
2019-08-19,7.031825,2.052553
2019-08-20,-1.703935,1.097395
2019-08-21,2.001522,1.008055
2019-08-22,0.145995,0.710944
2019-08-23,-5.271742,1.344766
2019-08-26,1.852988,0.727974
2019-08-27,-2.206069,0.660365
2019-08-28,-0.259851,0.574052
2019-08-29,3.585162,0.813421
2019-08-30,0.305381,0.665139
2019-09-03,-1.993928,0.688636
2019-09-04,2.795890,0.548230
2019-09-05,6.506263,1.702125
2019-09-06,-0.606387,0.887282
2019-09-09,1.035496,0.974954
2019-09-10,1.484822,0.816628
2019-09-11,0.627761,0.829696
2019-09-12,-0.032537,0.751593
2019-09-13,-1.264443,0.752081
2019-09-16,-0.950884,0.546823
2019-09-17,0.477235,0.579112
2019-09-18,-0.601975,0.726060
2019-09-19,-1.689064,0.710906
2019-09-20,-2.401966,1.041737
2019-09-23,1.245019,0.737594
2019-09-24,-1.321213,0.983374
2019-09-25,3.303765,0.956126
2019-09-26,-0.499351,0.725175
2019-09-27,-3.146496,1.122982
2019-09-30,1.344916,0.577118
2019-10-01,-0.040260,1.153186
2019-10-02,-0.551678,0.914268
2019-10-03,4.779248,1.390000
2019-10-04,0.364019,0.851285
2019-10-07,1.296883,1.570114
2019-10-08,-3.851790,1.435934
2019-10-09,1.963582,0.930978
2019-10-10,1.283824,0.995132
2019-10-11,1.617181,1.441406
2019-10-14,0.290366,0.633457
2019-10-15,5.275273,2.113689
2019-10-16,-1.099951,1.275650
2019-10-17,0.041189,0.764037
2019-10-18,-1.955815,0.889345
2019-10-21,2.897780,0.762236
2019-10-22,-0.204084,0.955136
2019-10-23,-0.265823,0.811979
2019-10-24,0.907272,0.675838
2019-10-25,3.901227,1.232857
2019-10-28,1.100036,0.955406
2019-10-29,-1.871443,0.597620
2019-10-30,0.039393,0.595736
2019-10-31,-0.975364,0.614414
2019-11-01,0.781014,0.861316
2019-11-04,3.904430,1.140817
2019-11-05,-0.422772,0.925740
2019-11-06,-0.944597,0.846418
2019-11-07,0.341921,0.885319
2019-11-08,-0.268797,0.599908
2019-11-11,0.192532,0.805147
2019-11-12,0.686908,0.930988
2019-11-13,-0.496155,1.051489
2019-11-14,0.584905,1.856580
2019-11-15,-2.669297,3.610999
2019-11-18,3.961971,1.745978
2019-11-19,-2.020924,1.202582
2019-11-20,1.533734,1.354040
2019-11-21,-0.473545,0.804084
2019-11-22,0.337837,0.619964
2019-11-25,4.893530,1.440805
2019-11-26,-1.903162,1.069210
2019-11-27,0.645620,0.584768
2019-11-29,-0.687297,0.383103
2019-12-02,-3.455786,1.016242
2019-12-03,-0.759815,1.255654
2019-12-04,0.847508,0.729256
2019-12-05,-0.324696,0.494920
2019-12-06,1.643198,0.628758
2019-12-09,0.000000,0.577406
2019-12-10,0.853098,0.696535
2019-12-11,1.570205,0.634043
2019-12-12,3.096552,1.104013
2019-12-13,-0.035708,1.224096
2019-12-16,0.517892,0.871525
2019-12-17,1.394630,0.968451
2019-12-18,0.534414,1.076987
2019-12-19,2.592460,1.411873
2019-12-20,1.660588,1.920047
2019-12-23,-0.229769,1.076557
2019-12-24,-0.083733,0.412845
2019-12-26,0.238850,0.575046
2019-12-27,-0.969930,0.827147
2019-12-30,-1.920890,0.832972
2019-12-31,1.282709,0.731891
2020-01-02,1.959186,0.769784
2020-01-03,-1.600573,0.691087
2020-01-06,0.419360,0.893964
2020-01-07,1.210661,1.057715
2020-01-08,0.187549,0.918164
2020-01-09,1.098277,0.836246
2020-01-10,0.534906,1.037022
2020-01-13,3.135265,1.034648
2020-01-14,-1.865210,1.177709
2020-01-15,-0.691557,0.876654
2020-01-16,1.368246,0.956137
2020-01-17,0.140606,0.859207
2020-01-21,-0.537553,0.749132
2020-01-22,0.875209,0.855898
2020-01-23,1.099530,0.935663
2020-01-24,-0.941233,1.460162
2020-01-27,-4.104111,1.758788
2020-01-28,3.234794,1.103071
2020-01-29,-0.979953,0.909084
2020-01-30,0.109953,1.020119
2020-01-31,-3.815943,1.287300
2020-02-03,1.649553,0.868103
2020-02-04,2.829409,0.914589
2020-02-05,1.468855,0.700256
2020-02-06,1.391770,0.747506
2020-02-07,-1.046208,0.656411
2020-02-10,4.523261,1.853025
2020-02-11,1.870909,2.153843
2020-02-12,1.735804,1.199212
2020-02-13,-0.645781,1.685948
2020-02-14,7.020455,3.191856
2020-02-18,2.339643,1.702257
2020-02-19,6.113202,1.814596
2020-02-20,-1.906578,1.992954
2020-02-21,-4.739236,1.765937
2020-02-24,-7.069722,1.858087
2020-02-25,-4.109349,2.174702
2020-02-26,2.136998,1.453035
2020-02-27,-5.566570,1.689694
2020-02-28,6.916066,1.992299
2020-03-02,2.354953,1.457957
2020-03-03,-3.812898,1.024840
2020-03-04,7.002884,0.909530
2020-03-05,-3.943618,0.802716
2020-03-06,-2.652872,0.747267
2020-03-09,-7.743182,0.871661
2020-03-10,6.372238,0.800004
2020-03-11,-5.595991,0.686426
2020-03-12,-12.236783,1.131837
2020-03-13,11.340191,0.853821
2020-03-16,-18.452045,0.970765
2020-03-17,10.626223,1.137106
2020-03-18,-6.650691,1.175422
2020-03-19,5.004408,1.016903
2020-03-20,-3.390126,1.072047
2020-03-23,3.373027,0.855782
2020-03-24,17.156403,1.485233
2020-03-25,-1.428674,1.066386
2020-03-26,4.730890,0.932716
2020-03-27,-1.753246,0.868199
2020-03-30,5.088456,0.846946
2020-03-31,-0.749269,1.363587
2020-04-01,-7.788332,0.923251
2020-04-02,5.101426,0.945791
2020-04-03,-4.525001,0.919509
2020-04-06,10.040583,0.998938
2020-04-07,-3.491049,1.068328
2020-04-08,3.057550,0.728565
2020-04-09,-1.498414,0.703885
2020-04-13,2.624089,0.544189
2020-04-14,5.225125,0.737129
2020-04-15,-1.095272,0.515346
2020-04-16,4.935186,1.085144
2020-04-17,-0.807600,0.792027
2020-04-20,-1.802801,0.671366
2020-04-21,-6.110442,1.128235
2020-04-22,6.174161,0.736637
2020-04-23,-0.747870,0.678383
2020-04-24,1.964739,0.580645
2020-04-27,2.586408,0.813075
2020-04-28,-1.925398,0.761492
2020-04-29,2.436850,0.660950
2020-04-30,-2.070638,0.689603
2020-05-01,-3.250319,0.644164
2020-05-04,3.009423,0.617349
2020-05-05,0.841074,0.742091
2020-05-06,1.378788,0.675073
2020-05-07,2.377500,0.819406
2020-05-08,2.502697,0.757744
2020-05-11,3.238429,1.070063
2020-05-12,-3.260814,1.115821
2020-05-13,-0.288365,1.422435
2020-05-14,3.219783,1.329690
2020-05-15,5.731313,2.215447
2020-05-18,3.056258,1.654005
2020-05-19,0.631393,1.480577
2020-05-20,1.868139,1.214934
2020-05-21,-2.171130,1.557001
2020-05-22,2.860310,2.054317
2020-05-26,-3.417785,1.427447
2020-05-27,-2.208143,2.120480
2020-05-28,-0.448674,1.243079
2020-05-29,4.577581,1.223784
2020-06-01,-0.780245,0.621372
2020-06-02,0.215776,0.621308
2020-06-03,-0.631680,0.576840
2020-06-04,0.011376,0.669900
2020-06-05,1.750962,0.754631
2020-06-08,-1.289205,0.602271
2020-06-09,2.737084,0.724971
2020-06-10,3.545754,0.978323
2020-06-11,-6.090701,0.893605
2020-06-12,1.548951,0.876926
2020-06-15,2.700844,0.615900
2020-06-16,-1.147297,0.863946
2020-06-17,1.847049,0.671395
2020-06-18,-0.194929,0.429241
2020-06-19,0.469218,0.909943
2020-06-22,2.866792,0.706265
2020-06-23,-0.805651,0.704858
2020-06-24,-2.269818,0.877008
2020-06-25,2.755664,0.789958
2020-06-26,-3.530034,1.292408
2020-06-29,0.491523,0.759764
2020-06-30,3.236423,0.821032
2020-07-01,0.339596,0.730898
2020-07-02,0.863056,0.818152
2020-07-06,2.361526,0.714748
2020-07-07,0.330318,0.825052
2020-07-08,3.487228,0.845680
2020-07-09,2.868055,1.158131
2020-07-10,-0.283086,1.184545
2020-07-13,-4.074739,1.099157
2020-07-14,3.230640,1.323114
2020-07-15,-1.443092,0.968127
2020-07-16,-0.904460,0.839946
2020-07-17,0.658616,0.653409
2020-07-20,3.031445,0.697954
2020-07-21,-1.733953,0.699305
2020-07-22,1.067430,0.941563
2020-07-23,-2.960108,1.056360
2020-07-24,0.639206,1.220419
2020-07-27,2.226678,0.743959
2020-07-28,-1.976671,0.719233
2020-07-29,2.447248,0.760424
2020-07-30,1.418946,0.834868
2020-07-31,0.007042,1.046043
2020-08-03,3.725969,1.114895
2020-08-04,1.975439,0.827499
2020-08-05,0.525480,0.670657
2020-08-06,0.431908,0.665933
2020-08-07,-1.199744,0.966559
2020-08-10,-0.308058,1.234235
2020-08-11,-2.821311,1.027142
2020-08-12,5.440082,1.383265
2020-08-13,0.024041,1.105393
2020-08-14,1.057433,1.077017
2020-08-17,6.684503,1.799619
2020-08-18,-0.618044,1.390501
2020-08-19,-0.997076,1.667522
2020-08-20,0.020561,2.386092
2020-08-21,4.468352,2.429011
2020-08-24,0.289730,1.120100
2020-08-25,0.233883,0.645423
2020-08-26,0.180422,0.715851
2020-08-27,-1.133260,0.704855
2020-08-28,4.113774,1.190960
2020-08-31,1.724658,1.092142
2020-09-01,3.369349,1.104375
2020-09-02,3.802189,1.847648
2020-09-03,-9.277520,1.874344
2020-09-04,-3.019475,2.714119
2020-09-08,-5.620914,1.336586
2020-09-09,6.732152,1.199530
2020-09-10,-3.171472,1.104072
2020-09-11,-1.196012,0.988193
2020-09-14,5.818168,1.827298
2020-09-15,0.922506,1.040217
2020-09-16,-3.667923,0.789489
2020-09-17,-0.407521,1.120338
2020-09-18,-2.200415,0.975665
2020-09-21,2.690883,1.023143
2020-09-22,0.962671,0.935811
2020-09-23,-4.067181,0.926171
2020-09-24,1.849677,1.020594
2020-09-25,4.257769,0.797868
2020-09-28,1.252558,0.764563
2020-09-29,1.463351,0.826039
2020-09-30,2.304232,0.908772
2020-10-01,0.620829,0.684257
2020-10-02,-4.056348,0.736847
2020-10-05,4.442198,0.657126
2020-10-06,0.689028,1.151888
2020-10-07,1.656165,0.614449
2020-10-08,-0.896962,0.570190
2020-10-09,-0.549151,0.534893
2020-10-12,3.365946,0.685690
2020-10-13,0.156402,0.578511
2020-10-14,-1.073801,0.478902
2020-10-15,-0.888597,0.475054
2020-10-16,-1.134572,0.452015
2020-10-19,-2.271675,0.580526
2020-10-20,1.094644,0.465598
2020-10-21,-0.884919,0.465804
2020-10-22,-1.210743,0.645420
2020-10-23,1.715821,0.545491
2020-10-26,-3.303858,0.821100
2020-10-27,1.944271,0.628732
2020-10-28,-5.745785,0.991087
2020-10-29,3.144055,0.878682
2020-10-30,-3.762297,1.177369
2020-11-02,0.373021,0.862947
2020-11-03,3.487453,0.806837
2020-11-04,5.950682,1.312065
2020-11-05,2.651456,1.021656
2020-11-06,2.839000,1.239517
2020-11-09,-6.395103,1.873950
2020-11-10,-6.314738,2.022151
2020-11-11,5.074400,1.213699
2020-11-12,0.288775,1.076197
2020-11-13,-1.187116,1.004265
2020-11-16,1.641346,1.182092
2020-11-17,-0.688132,0.876920
2020-11-18,0.048439,1.419378
2020-11-19,0.085633,1.511057
2020-11-20,-2.622693,0.878408
2020-11-23,0.399211,0.917886
2020-11-24,-1.387005,0.877424
2020-11-25,2.137726,0.650270
2020-11-27,0.200226,0.424694
2020-11-30,1.057599,0.742948
2020-12-01,-0.085800,0.781975
2020-12-02,1.153837,0.746459
2020-12-03,-1.067175,0.524875
2020-12-04,1.211188,0.547207
2020-12-07,0.357719,0.613722
2020-12-08,-1.886949,0.764359
2020-12-09,-3.140422,1.179613
2020-12-10,0.320929,0.633315
2020-12-11,0.316054,0.657631
2020-12-14,2.270773,0.870400
2020-12-15,0.388830,0.629591
2020-12-16,-0.883198,0.754955
2020-12-17,0.745713,0.794888
2020-12-18,-0.519079,1.234385
2020-12-21,0.453962,1.136931
2020-12-22,-0.405038,0.703004
2020-12-23,-2.025857,0.701995
2020-12-24,-0.119143,0.396572
2020-12-28,-0.721530,0.890420
2020-12-29,0.335299,0.706974
2020-12-30,1.564531,0.958484
2020-12-31,-0.690342,0.830914
2021-01-04,0.448087,2.469406
2021-01-05,2.221002,1.316902
2021-01-06,-5.895293,2.311376
2021-01-07,5.783021,1.715697
2021-01-08,-0.503978,1.050546
2021-01-11,2.596657,1.898594
2021-01-12,-1.003928,1.010163
2021-01-13,0.348555,0.717666
2021-01-14,-2.449805,0.977463
2021-01-15,-2.581398,0.944338
2021-01-19,1.288918,0.761868
2021-01-20,2.614186,0.871709
2021-01-21,3.753989,1.154994
2021-01-22,-1.117744,0.838884
2021-01-25,-0.432077,0.844681
2021-01-26,-1.596674,0.544993
2021-01-27,-3.851828,1.220529
2021-01-28,1.031546,0.731489
2021-01-29,-0.469329,0.862010
2021-02-01,1.903429,0.684474
2021-02-02,2.415593,0.691970
2021-02-03,-0.193641,0.813798
2021-02-04,0.988499,0.676338
2021-02-05,-0.536073,0.606852
2021-02-08,6.237602,1.645551
2021-02-09,-1.215498,1.060225
2021-02-10,3.512544,1.868994
2021-02-11,3.295121,1.673576
2021-02-12,-1.898260,1.331661
2021-02-16,2.466367,1.125727
2021-02-17,-2.767405,0.953316
2021-02-18,-0.516573,0.804668
2021-02-19,0.657502,0.938909
2021-02-22,-3.823729,1.139051
2021-02-23,-1.488974,1.350712
2021-02-24,2.524398,1.509049
2021-02-25,-8.217800,2.648324
2021-02-26,3.058421,1.499963
2021-03-01,0.927844,1.016083
2021-03-02,-3.146274,0.751022
2021-03-03,-4.486708,1.066581
2021-03-04,-3.393279,1.584355
2021-03-05,0.737641,1.435039
2021-03-08,-6.967416,1.373748
2021-03-09,8.033264,1.260297
2021-03-10,-0.415305,0.918662
2021-03-11,4.212701,0.708604
2021-03-12,-1.058231,0.589317
2021-03-15,2.607729,0.549973
2021-03-16,0.758064,0.687199
2021-03-17,0.376202,0.619724
2021-03-18,-4.637862,0.749812
2021-03-19,0.968733,0.757563
2021-03-22,2.650694,0.751394
2021-03-23,-0.875905,0.562245
2021-03-24,-3.272583,0.636158
2021-03-25,-0.852243,0.784289
2021-03-26,2.425163,1.040337
2021-03-29,0.848963,0.797416
2021-03-30,-0.590810,0.590529
2021-03-31,3.701903,0.937310
2021-04-01,3.472371,0.926621
2021-04-05,1.272440,0.800389
2021-04-06,-0.900788,0.628511
2021-04-07,2.034419,0.874007
2021-04-08,1.226688,0.892091
2021-04-09,0.579737,0.731028
2021-04-12,5.618061,3.321253
2021-04-13,3.093571,2.307782
2021-04-14,-2.567054,1.220999
2021-04-15,5.631028,1.862140
2021-04-16,-1.392752,0.988451
2021-04-19,-3.461107,1.185322
2021-04-20,-1.240090,0.964443
2021-04-21,1.247412,0.622442
2021-04-22,-3.321827,0.798234
2021-04-23,2.794553,0.650742
2021-04-26,1.393678,0.571304
2021-04-27,-0.621840,0.487029
2021-04-28,-0.682623,0.629893
2021-04-29,0.314190,0.520228
2021-04-30,-2.057114,0.619658
2021-05-03,-1.150924,0.636179
2021-05-04,-3.272307,1.274852
2021-05-05,0.747341,0.888645
2021-05-06,0.446090,0.584841
2021-05-07,1.991668,0.698953
2021-05-10,-3.689501,0.815330
2021-05-11,0.283880,0.952617
2021-05-12,-3.828737,1.082604
2021-05-13,-0.677757,1.033500
2021-05-14,4.227865,0.992771
2021-05-17,-0.544118,0.845367
2021-05-18,-1.057143,0.753165
2021-05-19,0.356742,1.433908
2021-05-20,3.887118,1.305878
2021-05-21,2.595363,2.708706
2021-05-24,4.137287,2.049335
2021-05-25,0.228976,1.508791
2021-05-26,0.333918,1.226125
2021-05-27,-1.350329,1.874678
2021-05-28,4.884443,1.949667
2021-06-01,0.123137,1.340455
2021-06-02,3.158698,1.622685
2021-06-03,1.141327,1.544193
2021-06-04,3.585825,1.582339
2021-06-07,0.231809,1.400212
2021-06-08,-0.919461,0.755748
2021-06-09,-0.542878,0.884978
2021-06-10,0.384530,0.659930
2021-06-11,2.297013,0.956409
2021-06-14,1.085497,0.727379
2021-06-15,-1.277789,0.546182
2021-06-16,0.122257,0.688205
2021-06-17,4.755666,1.790040
2021-06-18,-0.099145,2.037148
2021-06-21,-1.134728,1.323701
2021-06-22,2.493592,1.142179
2021-06-23,0.902751,0.652710
2021-06-24,0.777888,0.636702
2021-06-25,-0.908573,0.554991
2021-06-28,5.012868,1.018557
2021-06-29,0.208897,0.767572
2021-06-30,-0.121060,0.689404
2021-07-01,1.047357,1.043057
2021-07-02,1.360581,0.752794
2021-07-06,1.032339,1.011556
2021-07-07,-1.578603,0.961567
2021-07-08,-2.302198,1.144173
2021-07-09,0.741096,0.665131
2021-07-12,2.305446,0.721281
2021-07-13,-1.279688,0.658172
2021-07-14,-2.017301,0.863557
2021-07-15,-4.411226,1.231660
2021-07-16,-4.245680,1.498805
2021-07-19,3.407039,1.653152
2021-07-20,-0.893256,0.983187
2021-07-21,4.287550,0.862358
2021-07-22,0.947980,0.771420
2021-07-23,-0.183737,0.466605
2021-07-26,-1.349834,0.493701
2021-07-27,-0.445747,0.607918
2021-07-28,1.535864,0.509245
2021-07-29,0.815256,0.490732
2021-07-30,-0.829033,0.480385
2021-08-02,1.287250,0.592253
2021-08-03,0.329096,0.836317
2021-08-04,2.316445,0.654087
2021-08-05,1.790465,0.614136
2021-08-06,-1.313163,0.541414
2021-08-09,-0.348626,0.452291
2021-08-10,-1.768906,0.569003
2021-08-11,-1.188821,0.600863
2021-08-12,1.045753,0.505977
2021-08-13,1.421749,0.654320
2021-08-16,-1.178915,0.828532
2021-08-17,-2.466164,0.898846
2021-08-18,-2.148221,1.323038
2021-08-19,3.981092,3.618416
2021-08-20,5.141940,2.887971
2021-08-23,5.486160,2.231913
2021-08-24,-0.751445,1.074906
2021-08-25,1.927227,1.246226
2021-08-26,-0.652762,0.831148
2021-08-27,2.573863,1.055729
2021-08-30,0.229742,0.891014
2021-08-31,-1.318140,0.875050
2021-09-01,0.250174,0.684289
2021-09-02,-0.200541,0.640243
2021-09-03,1.995924,0.960070
2021-09-07,-0.792374,0.666351
2021-09-08,-1.425295,0.848440
2021-09-09,-0.725219,0.648312
2021-09-10,1.357290,0.816514
2021-09-13,-1.450321,0.962699
2021-09-14,0.406289,0.634649
2021-09-15,0.445087,0.530051
2021-09-16,-0.443114,0.499641
2021-09-17,-1.537638,0.963069
2021-09-20,-3.593588,1.238298
2021-09-21,0.629951,0.769855
2021-09-22,3.271190,1.086540
2021-09-23,2.465708,1.010821
2021-09-24,-1.783641,0.903370
2021-09-27,-1.906628,1.022059
2021-09-28,-4.436751,1.447871
2021-09-29,-0.879268,0.906306
2021-09-30,0.969925,0.925115
2021-10-01,0.125509,1.004657
2021-10-04,-4.869340,1.425192
2021-10-05,3.643838,1.136340
2021-10-06,1.217522,1.189607
2021-10-07,1.811592,1.019639
2021-10-08,-1.157784,0.593230
2021-10-11,-0.652866,0.653244
2021-10-12,-0.115948,0.666088
2021-10-13,1.296495,0.747945
2021-10-14,3.854035,1.005582
2021-10-15,0.533457,0.920440
2021-10-18,1.646671,0.779044
2021-10-19,0.306017,0.686413
2021-10-20,-0.838924,0.627576
2021-10-21,2.664786,0.826539
2021-10-22,0.149814,1.113767
2021-10-25,1.936125,1.021012
2021-10-26,6.695146,2.161970
2021-10-27,-1.076172,1.060808
2021-10-28,2.003999,1.004008
2021-10-29,2.509924,1.250394
2021-11-01,1.016948,1.123613
2021-11-02,2.222462,1.264942
2021-11-03,0.746199,1.028545
2021-11-04,12.042244,5.007358
2021-11-05,-0.164418,3.092986
2021-11-08,3.535900,1.621741
2021-11-09,-0.477206,1.976556
2021-11-10,-3.907778,1.810288
2021-11-11,3.160342,0.887646
2021-11-12,0.000000,1.090871
2021-11-15,-1.201057,0.992164
2021-11-16,0.592824,0.665001
2021-11-17,-3.118874,1.063638
2021-11-18,8.249880,1.874688
2021-11-19,4.135770,1.195168
2021-11-22,-3.119604,1.636614
2021-11-23,-0.657164,1.092475
2021-11-24,2.923204,0.889119
2021-11-26,-3.583889,0.567399
2021-11-29,5.945442,0.907510
2021-11-30,-2.097308,1.221042
2021-12-01,-3.786098,0.918631
2021-12-02,2.198180,0.880968
2021-12-03,-4.460552,0.992509
2021-12-06,-2.137317,1.272160
2021-12-07,7.956861,1.166619
2021-12-08,-1.853389,0.927272
2021-12-09,-4.197816,0.968703
2021-12-10,-0.957692,0.983740
2021-12-13,-6.745485,1.185456
2021-12-14,0.625003,1.297729
2021-12-15,7.488413,1.322261
2021-12-16,-6.802588,1.286590
2021-12-17,-2.064317,1.266108
2021-12-20,-0.294966,0.824220
2021-12-21,4.891975,0.941880
2021-12-22,1.117779,0.724782
2021-12-23,0.816333,0.637118
2021-12-27,4.402827,0.756264
2021-12-28,-2.013241,0.779131
2021-12-29,-1.058644,0.637684
2021-12-30,-1.383280,0.589260
2021-12-31,-0.591502,0.517152
2022-01-03,2.414071,0.775245
2022-01-04,-2.758869,1.059769
2022-01-05,-5.756251,1.014730
2022-01-06,2.079421,0.934376
2022-01-07,-3.303996,0.845206
2022-01-10,0.561532,1.236116
2022-01-11,1.521901,0.830808
2022-01-12,0.654278,0.804360
2022-01-13,-5.085900,1.167970
2022-01-14,1.380988,0.870763
2022-01-18,-3.856414,0.966437
2022-01-19,-3.227449,1.150249
2022-01-20,-3.658184,1.021904
2022-01-21,-3.213251,1.706146
2022-01-24,-0.008561,2.088712
2022-01-25,-4.483999,1.425818
2022-01-26,2.006824,1.577623
2022-01-27,-3.636046,1.156083
2022-01-28,4.083099,1.071570
2022-01-31,7.206664,1.087595
2022-02-01,0.620768,0.971573
2022-02-02,2.451501,1.005443
2022-02-03,-5.126381,0.757778
2022-02-04,1.549188,0.660890
2022-02-07,1.681808,0.708494
2022-02-08,1.536708,0.773861
2022-02-09,6.360555,1.006186
2022-02-10,-3.299009,0.973688
2022-02-11,-7.260699,1.134783
2022-02-14,1.327828,0.820427
2022-02-15,9.181175,1.298333
2022-02-16,0.060389,1.325314
2022-02-17,-7.559112,1.434554
2022-02-18,-3.529605,1.303919
2022-02-22,-1.065916,1.081043
2022-02-23,-4.288152,0.990564
2022-02-24,6.079440,1.297703
2022-02-25,1.722245,0.934401
2022-02-28,0.943833,0.846655
2022-03-01,-3.723628,0.735227
2022-03-02,3.182385,0.704831
2022-03-03,-2.089170,0.668241
2022-03-04,-3.280740,0.802728
2022-03-07,-6.906189,0.837183
2022-03-08,0.758699,1.026081
2022-03-09,6.972215,0.892120
2022-03-10,-1.546890,0.769285
2022-03-11,-2.462689,0.665673
2022-03-14,-3.484170,0.707934
2022-03-15,7.702759,0.922498
2022-03-16,6.629509,1.252866
2022-03-17,1.102240,0.882980
2022-03-18,6.811738,1.401322
2022-03-21,1.062267,1.143531
2022-03-22,-0.785507,1.074713
2022-03-23,-3.355456,0.994969
2022-03-24,9.815079,1.749721
2022-03-25,-1.627002,1.138634
2022-03-28,1.903086,0.832627
2022-03-29,1.548606,0.961745
2022-03-30,-3.371016,0.904752
2022-03-31,-1.459021,1.014472
2022-04-01,-2.103647,0.987296
2022-04-04,2.425875,0.751863
2022-04-05,-5.222947,0.830862
2022-04-06,-5.877137,1.354949
2022-04-07,-0.815334,1.052799
2022-04-08,-4.498520,0.978148
2022-04-11,-5.199196,1.056622
2022-04-12,-1.884378,1.195680
2022-04-13,3.250565,0.919191
2022-04-14,-4.256175,1.026019
2022-04-18,2.469632,0.939553
2022-04-19,1.905181,0.933565
2022-04-20,-3.225516,0.859991
2022-04-21,-6.046919,1.212008
2022-04-22,-3.309726,1.137647
2022-04-25,1.983093,1.195849
2022-04-26,-5.597443,1.210372
2022-04-27,-1.985269,0.906454
2022-04-28,7.423282,1.034086
2022-04-29,-6.243059,0.898657
2022-05-02,5.316229,1.029384
2022-05-03,0.353218,0.851898
2022-05-04,3.734330,1.153742
2022-05-05,-7.327616,1.093066
2022-05-06,-0.896831,1.112748
2022-05-09,-9.236944,1.124912
2022-05-10,3.805273,1.315432
2022-05-11,-5.484498,1.139370
2022-05-12,-2.736013,1.204119
2022-05-13,9.465210,1.120803
2022-05-16,-2.496306,0.864405
2022-05-17,5.288449,0.971478
2022-05-18,-6.816282,0.898594
2022-05-19,1.098096,1.017721
2022-05-20,-2.511083,1.214142
2022-05-23,1.221991,1.041374
2022-05-24,-4.402906,0.957954
2022-05-25,5.082354,1.278129
2022-05-26,5.160522,1.593917
2022-05-27,5.377852,1.142031
2022-05-31,-0.738923,1.008587
2022-06-01,-1.885196,0.821228
2022-06-02,6.943239,0.973247
2022-06-03,-4.450803,0.898424
2022-06-06,0.352573,0.635102
2022-06-07,0.745237,0.594166
2022-06-08,-1.448048,0.566009
2022-06-09,-3.217519,0.636108
2022-06-10,-5.950758,0.765038
2022-06-13,-7.817858,1.013743
2022-06-14,1.207896,0.792510
2022-06-15,4.363481,0.955726
2022-06-16,-5.602954,0.926623
2022-06-17,1.788336,1.070186
2022-06-21,4.319895,0.819564
2022-06-22,-1.243513,0.758065
2022-06-23,-0.825181,0.818488
2022-06-24,5.553151,0.842733
2022-06-27,-1.500625,0.785529
2022-06-28,-5.258166,0.893033
2022-06-29,-2.753095,0.959860
2022-06-30,-2.464275,1.390393
2022-07-01,-4.195545,1.154034
2022-07-05,3.036561,1.310759
2022-07-06,1.109316,1.058995
2022-07-07,4.811632,0.976190
2022-07-08,-0.126108,0.917367
2022-07-11,-4.331369,0.848572
2022-07-12,-0.461983,0.886046
2022-07-13,0.543694,1.009298
2022-07-14,1.371680,0.889350
2022-07-15,2.537076,0.753300
2022-07-18,2.150735,1.331908
2022-07-19,5.533851,1.378095
2022-07-20,4.796348,1.481762
2022-07-21,1.364628,1.056741
2022-07-22,-4.049842,1.006634
2022-07-25,-1.703348,0.895609
2022-07-26,-2.884154,0.740609
2022-07-27,7.602983,1.063594
2022-07-28,1.090484,0.877123
2022-07-29,0.995353,0.805283
2022-08-01,1.530564,0.902021
2022-08-02,0.460931,0.935700
2022-08-03,1.981004,0.811819
2022-08-04,1.704339,0.803984
2022-08-05,-1.176167,0.763939
2022-08-08,-6.298391,1.958745
2022-08-09,-3.973482,1.264461
2022-08-10,5.917163,1.108420
2022-08-11,-0.856537,0.938401
2022-08-12,4.274919,0.876569
2022-08-15,1.726431,0.832085
2022-08-16,-0.803907,0.836589
2022-08-17,-2.881503,0.848099
2022-08-18,2.388881,0.812789
2022-08-19,-4.921983,0.876067
2022-08-22,-4.566079,0.820329
2022-08-23,0.862996,0.746323
2022-08-24,0.238621,1.057266
2022-08-25,4.012309,1.566459
2022-08-26,-9.227925,1.517621
2022-08-29,-2.822876,0.947755
2022-08-30,-2.107462,1.010900
2022-08-31,-2.417904,1.089674
2022-09-01,-7.665306,2.206475
2022-09-02,-2.080788,1.297556
2022-09-06,-1.333618,0.907145
2022-09-07,1.879487,0.902112
2022-09-08,2.012542,1.114840
2022-09-09,2.837759,0.866047
2022-09-12,0.820172,0.863426
2022-09-13,-9.472599,1.274330
2022-09-14,-0.022828,1.025436
2022-09-15,-1.515856,0.901601
2022-09-16,2.080605,1.147340
2022-09-19,1.394148,0.953641
2022-09-20,-1.539390,0.869215
2022-09-21,0.645125,1.325052
2022-09-22,-5.278651,1.202290
2022-09-23,-0.358251,1.031176
2022-09-26,-2.301052,0.858058
2022-09-27,1.512933,0.883626
2022-09-28,2.602107,0.861408
2022-09-29,-4.051510,0.845261
2022-09-30,-0.662860,0.900343
2022-10-03,3.072752,0.916150
2022-10-04,5.234976,0.993842
2022-10-05,0.318990,0.859219
2022-10-06,-0.598091,1.091890
2022-10-07,-8.027413,1.138036
2022-10-10,-3.362046,1.164102
2022-10-11,-0.719786,1.092564
2022-10-12,-0.742280,0.809438
2022-10-13,4.000006,1.408010
2022-10-14,-6.128765,1.150538
2022-10-17,5.887583,0.933390
2022-10-18,0.664528,1.058750
2022-10-19,0.701930,0.831024
2022-10-20,1.186640,1.060337
2022-10-21,2.230588,0.999275
2022-10-24,1.066925,0.852139
2022-10-25,5.254383,0.834472
2022-10-26,-2.752460,0.883349
2022-10-27,2.171233,0.967246
2022-10-28,4.993926,0.860687
2022-10-31,-2.436018,0.806339
2022-11-01,0.340807,0.721254
2022-11-02,-2.392382,1.135196
2022-11-03,1.528104,0.832337
2022-11-04,5.476492,1.031982
2022-11-07,1.024305,0.694316
2022-11-08,2.104754,1.033197
2022-11-09,-5.656763,0.793659
2022-11-10,14.329281,1.228114
2022-11-11,3.663486,1.163898
2022-11-14,-0.195992,0.942113
2022-11-15,2.276782,0.978906
2022-11-16,-4.536202,1.176791
2022-11-17,-1.464486,1.273352
2022-11-18,-1.709503,0.876805
2022-11-21,-0.597068,0.728814
2022-11-22,4.707200,0.860220
2022-11-23,2.999112,0.779534
2022-11-25,-1.507347,0.309392
2022-11-28,-2.722804,0.581848
2022-11-29,-1.187843,0.583735
2022-11-30,8.237933,1.126618
2022-12-01,1.252723,0.926410
2022-12-02,-1.511532,0.745302
2022-12-05,-1.576185,0.716150
2022-12-06,-3.750751,0.736533
2022-12-07,0.831916,0.782347
2022-12-08,6.507440,1.108881
2022-12-09,-0.978502,0.994534
2022-12-12,3.141018,1.002645
2022-12-13,3.062425,1.471468
2022-12-14,-2.202295,1.097730
2022-12-15,-4.085108,1.062952
2022-12-16,-2.247521,1.082829
2022-12-19,-1.912979,0.823313
2022-12-20,-1.039717,0.953072
2022-12-21,2.586249,0.768304
2022-12-22,-7.042014,1.359425
2022-12-23,-0.867080,0.826729
2022-12-27,-7.135325,1.077135
2022-12-28,-0.601947,0.798480
2022-12-29,4.039600,0.802445
2022-12-30,0.075332,0.719088
2023-01-03,-2.045985,0.946947
2023-01-04,3.031797,1.014276
2023-01-05,-3.281573,0.906715
2023-01-06,4.164020,0.939711
2023-01-09,5.175328,1.165413
2023-01-10,1.798059,0.888913
2023-01-11,0.578275,0.825355
2023-01-12,3.187307,1.304067
2023-01-13,2.349957,1.071144
2023-01-17,4.751755,1.231278
2023-01-18,-1.835951,1.054945
2023-01-19,-3.521918,1.091938
2023-01-20,6.406219,1.345989
2023-01-23,7.590137,1.531376
2023-01-24,0.375107,1.116738
2023-01-25,0.301097,1.019610
2023-01-26,2.478869,1.097854
2023-01-27,2.843148,1.212484
2023-01-30,-5.907170,1.069903
2023-01-31,1.957001,1.074768
2023-02-01,7.196602,1.397102
2023-02-02,3.657535,1.161760
2023-02-03,-2.805281,0.872065
2023-02-06,-0.052132,0.914702
2023-02-07,5.140110,1.337063
2023-02-08,0.144332,1.108837
2023-02-09,0.594443,1.020213
2023-02-10,-4.799219,1.054999
2023-02-13,2.459454,0.909819
2023-02-14,5.429595,1.290614
2023-02-15,-0.901126,0.791160
2023-02-16,-3.347413,0.776469
2023-02-17,-2.790643,0.881370
2023-02-21,-3.427164,0.783008
2023-02-22,0.479305,1.003521
2023-02-23,14.021397,2.182592
2023-02-24,-1.597347,1.080748
2023-02-27,0.923284,0.822631
2023-02-28,-1.212718,0.834780
2023-03-01,-2.231213,0.844743
2023-03-02,2.713913,0.717584
2023-03-03,2.470597,0.779391
2023-03-06,-1.406430,0.838745
2023-03-07,-1.112527,0.987015
2023-03-08,3.834584,0.978087
2023-03-09,-3.080938,0.968519
2023-03-10,-2.009711,0.922732
2023-03-13,0.004348,0.823714
2023-03-14,4.776616,0.939044
2023-03-15,0.685700,1.037072
2023-03-16,5.419363,1.170749
2023-03-17,0.720405,1.675905
2023-03-20,0.680255,0.819367
2023-03-21,1.154459,1.039730
2023-03-22,1.026744,1.494853
2023-03-23,2.731615,1.031637
2023-03-24,-1.515217,0.874997
2023-03-27,-0.926096,0.703520
2023-03-28,-0.456072,0.700203
2023-03-29,2.173411,0.781791
2023-03-30,1.478669,0.728649
2023-03-31,1.438837,0.869574
2023-04-03,0.676833,0.797281
2023-04-04,-1.830866,0.739908
2023-04-05,-2.083558,1.049271
2023-04-06,0.580324,0.810046
2023-04-10,2.004669,0.813795
2023-04-11,-1.486646,0.652584
2023-04-12,-2.480758,0.936794
2023-04-13,-0.120789,0.744554
2023-04-14,1.114770,0.848342
2023-04-17,0.911876,0.703419
2023-04-18,2.462772,1.404389
2023-04-19,0.954222,0.816506
2023-04-20,-2.960870,0.995088
2023-04-21,0.055326,0.838962
2023-04-24,-0.283931,0.847451
2023-04-25,-2.962050,0.959331
2023-04-26,2.724734,1.027533
2023-04-27,1.001643,0.947734
2023-04-28,1.920957,0.735812
2023-05-01,4.183935,1.449304
2023-05-02,-2.421308,1.005973
2023-05-03,-1.446287,0.957176
2023-05-04,-0.863262,0.802060
2023-05-05,4.056313,0.923071
2023-05-08,1.642258,0.884986
2023-05-09,-1.989640,0.812989
2023-05-10,1.099031,0.953598
2023-05-11,-1.062848,0.840073
2023-05-12,-0.832807,0.718039
2023-05-15,2.163019,0.782067
2023-05-16,0.898005,1.200158
2023-05-17,3.303321,1.179584
2023-05-18,4.970512,2.021515
2023-05-19,-1.306905,1.226379
2023-05-22,-0.281465,0.946880
2023-05-23,-1.565311,0.903038
2023-05-24,-0.488774,1.833846
2023-05-25,24.369620,3.773502
2023-05-26,2.543443,1.528178
2023-05-30,2.991335,1.889923
2023-05-31,-5.676756,1.980423
2023-06-01,5.117091,1.185804
2023-06-02,-1.113914,0.879512
2023-06-05,-0.396671,0.711240
2023-06-06,-1.319858,0.695853
2023-06-07,-3.040108,0.912939
2023-06-08,2.761861,0.732060
2023-06-09,0.675147,0.746320
2023-06-12,1.836464,0.672051
2023-06-13,3.900507,1.049827
2023-06-14,4.814509,1.233969
2023-06-15,-0.800064,0.925159
2023-06-16,0.091430,1.055170
2023-06-20,2.614089,0.731472
2023-06-21,-1.741694,0.895988
2023-06-22,-0.046483,0.668789
2023-06-23,-1.896559,0.570567
2023-06-26,-3.736159,0.975054
2023-06-27,3.061603,0.822306
2023-06-28,-1.812477,1.060430
2023-06-29,-0.717483,0.714717
2023-06-30,3.625496,0.999707
2023-07-03,0.262415,0.400779
2023-07-05,-0.226353,0.673737
2023-07-06,-0.505698,0.636829
2023-07-07,0.950045,0.753264
2023-07-10,-0.759952,0.761673
2023-07-11,0.533434,0.646316
2023-07-12,3.530235,1.057801
2023-07-13,4.726454,1.040461
2023-07-14,-1.104907,1.704896
2023-07-17,2.181692,1.123339
2023-07-18,2.223368,1.260519
2023-07-19,-0.878000,0.955944
2023-07-20,-3.307328,1.205917
2023-07-21,-2.660374,2.164146
2023-07-24,0.683820,0.809324
2023-07-25,2.391732,0.734573
2023-07-26,-0.496936,0.789172
2023-07-27,0.985649,0.998533
2023-07-28,1.851849,0.735475
2023-07-31,-0.044906,0.560582
2023-08-01,-0.475108,0.546370
2023-08-02,-4.812155,1.212239
2023-08-03,0.555676,0.724171
2023-08-04,0.370670,0.808294
2023-08-07,1.649514,0.717460
2023-08-08,-1.657976,0.790831
2023-08-09,-4.724164,1.302606
2023-08-10,-0.390093,1.081749
2023-08-11,-3.616573,1.168544
2023-08-14,7.093360,1.553836
2023-08-15,0.427420,1.492626
2023-08-16,-1.033232,1.150124
2023-08-17,-0.326565,0.975828
2023-08-18,-0.103818,1.270919
2023-08-21,8.471336,1.572859
2023-08-22,-2.765779,1.656961
2023-08-23,3.170719,1.635995
2023-08-24,0.099745,2.326366
2023-08-25,-2.427739,1.739576
2023-08-28,1.775389,1.219980
2023-08-29,4.161405,1.202363
2023-08-30,0.983946,1.212159
2023-08-31,0.184715,0.856984
2023-09-01,-1.714123,0.739762
2023-09-05,0.080408,0.605409
2023-09-06,-3.054946,0.737968
2023-09-07,-1.742428,0.676208
2023-09-08,-1.446770,0.747147
2023-09-11,-0.864561,0.749726
2023-09-12,-0.681748,0.555053
2023-09-13,1.370618,0.650717
2023-09-14,0.211073,0.618612
2023-09-15,-3.687964,0.858450
2023-09-18,0.150347,0.843450
2023-09-19,-1.014424,0.633440
2023-09-20,-2.943467,0.640706
2023-09-21,-2.893078,0.814243
2023-09-22,1.445772,0.892184
2023-09-25,1.470772,0.832672
2023-09-26,-0.736576,0.841600
2023-09-27,1.329005,0.959220
2023-09-28,1.462281,0.941545
2023-09-29,0.951528,0.913500
2023-10-02,2.949487,1.010104
2023-10-03,-2.824801,1.101566
2023-10-04,1.204141,0.837846
2023-10-05,1.469080,0.922577
2023-10-06,2.403339,1.023377
2023-10-09,-1.068582,0.969460
2023-10-10,1.159628,0.878903
2023-10-11,2.200982,0.899615
2023-10-12,0.296966,1.147867
2023-10-13,-3.161155,1.115873
2023-10-16,1.394609,0.886242
2023-10-17,-4.679462,1.948095
2023-10-18,-3.964680,1.429073
2023-10-19,-0.225128,1.109018
2023-10-20,-1.695939,1.050123
2023-10-23,3.836956,1.053132
2023-10-24,1.600930,0.877785
2023-10-25,-4.314873,0.871120
2023-10-26,-3.477823,1.189038
2023-10-27,0.431501,0.904464
2023-10-30,1.632088,0.840333
2023-10-31,-0.925624,1.127265
2023-11-01,3.788627,0.947483
2023-11-02,2.790297,0.878737
2023-11-03,3.445508,0.910358
2023-11-06,1.657587,0.860072
2023-11-07,0.445892,0.737225
2023-11-08,1.346980,0.746899
2023-11-09,0.807307,1.168285
2023-11-10,2.949957,0.904738
2023-11-13,0.589620,0.829747
2023-11-14,2.130815,0.899757
2023-11-15,-1.546626,1.071812
2023-11-16,1.210917,0.779170
2023-11-17,-0.367811,0.759870
2023-11-20,2.253622,0.985128
2023-11-21,-0.922456,1.356216
2023-11-22,-2.458747,2.114464
2023-11-24,-1.929550,0.654160
2023-11-27,0.975379,0.903132
2023-11-28,-0.872680,0.918652
2023-11-29,0.667075,0.872722
2023-11-30,-2.845872,1.221222
2023-12-01,-0.010692,0.848320
2023-12-04,-2.683616,1.009656
2023-12-05,2.329372,0.856483
2023-12-06,-2.282791,0.879866
2023-12-07,2.402028,0.807556
2023-12-08,1.952971,0.826504
2023-12-11,-1.850286,1.197761
2023-12-12,2.209009,0.866034
2023-12-13,0.904387,1.042822
2023-12-14,0.544820,0.907845
2023-12-15,1.116870,1.124704
2023-12-18,2.427885,0.951226
2023-12-19,-0.944558,1.060105
2023-12-20,-3.009816,0.903017
2023-12-21,1.827026,0.695050
2023-12-22,-0.326610,0.627682
2023-12-26,0.919511,0.610228
2023-12-27,0.280055,0.595122
2023-12-28,0.212467,0.641798
2023-12-29,0.000000,1.031398
2024-01-02,-2.734137,1.109715
2024-01-03,-1.243577,0.861024
2024-01-04,0.901871,0.835567
2024-01-05,2.289677,1.141472
2024-01-08,6.428067,1.758749
2024-01-09,1.697520,2.034974
2024-01-10,2.277001,1.332490
2024-01-11,0.868450,1.485200
2024-01-12,-0.204289,0.854661
2024-01-16,3.056114,1.101150
2024-01-17,-0.583515,1.153682
2024-01-18,1.880356,1.196455
2024-01-19,4.174623,1.310035
2024-01-22,0.273989,1.081482
2024-01-23,0.367120,0.698926
2024-01-24,2.486918,1.329886
2024-01-25,0.415586,1.105560
2024-01-26,-0.951051,0.870041
2024-01-29,2.349620,0.764024
2024-01-30,0.494689,0.889904
2024-01-31,-1.986492,0.980919
2024-02-01,2.437955,0.794291
2024-02-02,4.970883,1.020157
2024-02-05,4.794433,1.429745
2024-02-06,-1.599550,1.397196
2024-02-07,2.749796,1.009429
2024-02-08,-0.653348,0.868683
2024-02-09,3.578364,0.926844
2024-02-12,0.159427,1.325236
2024-02-13,-0.166105,1.265577
2024-02-14,2.456757,1.043690
2024-02-15,-1.680681,0.865683
2024-02-16,-0.061917,1.028225
2024-02-20,-4.353220,1.470480
2024-02-21,-2.850868,1.369656
2024-02-22,16.400855,1.693384
2024-02-23,0.355245,1.576448
2024-02-26,0.348912,0.927371
2024-02-27,-0.494372,0.713325
2024-02-28,-1.318920,0.713093
2024-02-29,1.865780,0.921685
2024-03-01,4.003171,0.866322
2024-03-04,3.595075,1.102134
2024-03-05,0.857653,0.920639
2024-03-06,3.182730,1.044790
2024-03-07,4.474631,1.100633
2024-03-08,-5.547701,2.046546
2024-03-11,-2.003934,1.140995
2024-03-12,7.157188,1.101301
2024-03-13,-1.115185,1.043278
2024-03-14,-3.239157,0.985793
2024-03-15,-0.121670,1.042570
2024-03-18,0.703586,1.067004
2024-03-19,1.066094,1.057456
2024-03-20,1.089500,0.755601
2024-03-21,1.176241,0.769480
2024-03-22,3.121339,0.969711
2024-03-25,0.756189,0.931228
2024-03-26,-2.569425,0.862810
2024-03-27,-2.496736,0.974477
2024-03-28,0.117470,0.712219
2024-04-01,0.007739,0.744807
2024-04-02,-1.008162,0.714478
2024-04-03,-0.545526,0.619879
2024-04-04,-3.438485,0.737892
2024-04-05,2.448054,0.686623
2024-04-08,-0.994234,0.495426
2024-04-09,-2.041702,0.948899
2024-04-10,1.974134,0.830817
2024-04-11,4.109660,0.849550
2024-04-12,-2.681643,0.857256
2024-04-15,-2.477719,0.905907
2024-04-16,1.644156,0.773150
2024-04-17,-3.866609,1.067164
2024-04-18,0.756839,0.982163
2024-04-19,-10.004608,1.928630
2024-04-22,4.354334,1.259342
2024-04-23,3.653247,0.925201
2024-04-24,-3.331579,1.093676
2024-04-25,3.708720,0.906841
2024-04-26,6.175571,1.197348
2024-04-29,0.025085,0.834733
2024-04-30,-1.544050,0.785872
2024-05-01,-3.889969,1.218838
2024-05-02,3.342940,0.806043
2024-05-03,3.463181,0.854850
2024-05-06,3.774120,0.807457
2024-05-07,-1.721294,0.929407
2024-05-08,-0.156823,0.696965
2024-05-09,-1.841563,0.818153
2024-05-10,1.274402,0.729998
2024-05-13,0.579683,0.636972
2024-05-14,1.058639,0.663168
2024-05-15,3.583776,0.942097
2024-05-16,-0.286375,0.737048
2024-05-17,-1.992396,0.830003
2024-05-20,2.488136,0.782079
2024-05-21,0.639385,0.835510
2024-05-22,-0.457089,1.413218
2024-05-23,9.319642,2.140929
2024-05-24,2.572273,1.046094
2024-05-28,6.980431,1.613693
2024-05-29,0.811229,1.334611
2024-05-30,-3.766597,1.133808
2024-05-31,-0.784606,1.447733
2024-06-03,4.895419,1.006940
2024-06-04,1.249564,0.922151
2024-06-05,5.155575,1.204392
2024-06-06,-1.177718,1.499487
2024-06-07,-0.090912,0.896041
2024-06-10,0.746137,0.678503
2024-06-11,-0.714380,0.482909
2024-06-12,3.548069,0.654854
2024-06-13,3.522371,0.569655
2024-06-14,1.751420,0.687682
2024-06-17,-0.682439,0.642449
2024-06-18,3.511971,0.660669
2024-06-20,-3.540332,1.165386
2024-06-21,-3.219157,1.431348
2024-06-24,-6.684050,1.037689
2024-06-25,6.756417,0.939596
2024-06-26,0.245870,0.824842
2024-06-27,-1.906656,0.593494
2024-06-28,-0.362933,0.768946
2024-07-01,0.615200,0.708896
2024-07-02,-1.311353,0.566538
2024-07-03,4.573235,0.576172
2024-07-05,-1.909881,0.586667
2024-07-08,1.883470,0.680318
2024-07-09,2.480535,0.869990
2024-07-10,2.686867,0.774042
2024-07-11,-5.566677,1.176943
2024-07-12,1.444262,0.774977
2024-07-15,-0.618997,0.643571
2024-07-16,-1.619443,0.668888
2024-07-17,-6.623938,1.233057
2024-07-18,2.627346,0.998580
2024-07-19,-2.609624,0.673002
2024-07-22,4.757056,0.838591
2024-07-23,-0.768979,0.603497
2024-07-24,-6.803167,1.200364
2024-07-25,-1.724286,1.711916
2024-07-26,0.694686,1.072371
2024-07-29,-1.300188,0.900277
2024-07-30,-7.043646,1.788043
2024-07-31,12.812106,1.675730
2024-08-01,-6.674067,1.773793
2024-08-02,-1.776407,1.552450
2024-08-05,-6.357781,1.706898
2024-08-06,3.782988,1.204233
2024-08-07,-5.122308,1.189727
2024-08-08,6.126785,1.107244
2024-08-09,-0.209584,0.819725
2024-08-12,4.076367,0.912660
2024-08-13,6.530906,0.862290
2024-08-14,1.670410,0.923193
2024-08-15,4.048101,0.871640
2024-08-16,1.399972,0.829504
2024-08-19,4.350618,0.862570
2024-08-20,-2.115400,0.806544
2024-08-21,0.982318,0.681556
2024-08-22,-3.704274,1.003492
2024-08-23,4.549846,0.871979
2024-08-26,-2.249353,0.891952
2024-08-27,1.455016,0.805420
2024-08-28,-2.096656,1.220374
2024-08-29,-6.384843,1.238007
2024-08-30,1.513736,0.920929
2024-09-03,-9.525010,1.344122
2024-09-04,-1.657402,1.060536
2024-09-05,0.941539,0.878266
2024-09-06,-4.085449,1.201902
2024-09-09,3.539822,0.793397
2024-09-10,1.530938,0.779005
2024-09-11,8.149871,1.292489
2024-09-12,1.916175,1.051973
2024-09-13,-0.033588,0.682373
2024-09-16,-1.947940,0.720408
2024-09-17,-1.019005,0.676898
2024-09-18,-1.920578,0.917261
2024-09-19,3.969303,0.866256
2024-09-20,-1.586491,1.122898
2024-09-23,0.224137,0.604923
2024-09-24,3.965248,1.059392
2024-09-25,2.184165,0.846754
2024-09-26,0.429117,0.902439
2024-09-27,-2.128346,0.826200
2024-09-30,0.032950,0.710382
2024-10-01,-3.656133,0.963440
2024-10-02,1.581203,0.727829
2024-10-03,3.365586,0.932198
2024-10-04,1.684972,0.823829
2024-10-07,2.241446,1.205232
2024-10-08,4.047908,0.982181
2024-10-09,-0.180584,0.843763
2024-10-10,1.628338,0.859209
2024-10-11,-0.007417,0.617082
2024-10-14,2.425819,0.852896
2024-10-15,-4.686030,1.391126
2024-10-16,3.130707,0.949743
2024-10-17,0.891517,1.107770
2024-10-18,0.781436,0.635084
2024-10-21,4.137679,0.991019
2024-10-22,-0.083489,0.838600
2024-10-23,-2.806619,1.085389
2024-10-24,0.609062,0.654105
2024-10-25,0.804782,0.798184
2024-10-28,-0.720642,0.684243
2024-10-29,0.519496,0.627755
2024-10-30,-1.352211,0.735868
2024-10-31,-4.722252,1.117266
2024-11-01,1.988545,0.858230
2024-11-04,0.480065,0.782948
2024-11-05,2.837184,0.693229
2024-11-06,4.074057,1.074223
2024-11-07,2.245727,0.920976
2024-11-08,-0.839628,0.786458
2024-11-11,-1.605357,0.815278
2024-11-12,2.085901,0.898251
2024-11-13,-1.362173,0.904457
2024-11-14,0.334998,0.932560
2024-11-15,-3.257019,1.232621
2024-11-18,-1.288932,1.070539
2024-11-19,4.894770,1.114312
2024-11-20,-0.761851,1.514979
2024-11-21,0.534651,1.948844
2024-11-22,-3.218105,1.088601
2024-11-25,-4.177522,1.577025
2024-11-26,0.661645,0.837176
2024-11-27,-1.153961,0.988813
2024-11-29,2.150161,0.613384
2024-12-02,0.274855,0.763473
2024-12-03,1.175799,0.736957
2024-12-04,3.479243,1.041819
2024-12-05,-0.048222,0.765582
2024-12-06,-1.806148,0.849101
2024-12-09,-2.548455,0.856348
2024-12-10,-2.694327,0.947118
2024-12-11,3.139106,0.828681
2024-12-12,-1.414106,0.715732
2024-12-13,-2.249892,1.048476
2024-12-16,-1.675992,1.068658
2024-12-17,-1.219681,1.168228
2024-12-18,-1.135050,1.238787
2024-12-19,1.373030,0.926137
2024-12-20,3.076224,1.384267
2024-12-23,3.689690,0.812367
2024-12-24,0.393785,0.492080
2024-12-26,-0.206826,0.576103
2024-12-27,-2.086753,0.861504
2024-12-30,0.350329,0.859225
2024-12-31,-2.327426,0.792119
2025-01-02,2.993517,1.012971
2025-01-03,4.453769,1.161713
2025-01-06,3.433227,1.345010
2025-01-07,-6.216958,1.741988
2025-01-08,-0.021392,1.082068
2025-01-10,-2.997644,0.979216
2025-01-13,-1.971894,0.966590
2025-01-14,-1.103362,0.918769
2025-01-15,3.400132,0.862671
2025-01-16,-1.959779,0.985161
2025-01-17,3.099496,0.953721
2025-01-21,2.265627,0.950532
2025-01-22,4.430877,1.164640
2025-01-23,0.101990,0.758889
2025-01-24,-3.124587,1.185609
2025-01-27,-16.968161,4.076792
2025-01-28,8.925862,2.450653
2025-01-29,-4.101100,1.798634
2025-01-30,0.767989,1.431238
2025-01-31,-3.674287,1.358180
2025-02-03,-2.840003,1.248187
2025-02-04,1.705800,0.838208
2025-02-05,5.208606,0.852975
2025-02-06,3.084201,0.818436
2025-02-07,0.901439,0.754937
2025-02-10,2.872788,0.717793
2025-02-11,-0.576486,0.590886
2025-02-12,-1.249987,0.531649
2025-02-13,3.164530,0.658739
2025-02-14,2.631399,0.650906
2025-02-18,0.396111,0.731487
2025-02-19,-0.121946,0.557467
2025-02-20,0.632050,0.481250
2025-02-21,-4.053973,0.775372
2025-02-24,-3.087094,0.843708
2025-02-25,-2.801663,0.908444
2025-02-26,3.672115,1.188419
2025-02-27,-8.478059,1.714025
2025-02-28,3.970027,1.511848
2025-03-03,-8.693560,1.599650
2025-03-04,1.692098,1.541294
2025-03-05,1.129407,1.094968
2025-03-06,-5.737428,1.230269
2025-03-07,1.917347,1.294460
2025-03-10,-5.067004,1.364804
2025-03-11,1.663857,1.288347
2025-03-12,6.427591,1.147063
2025-03-13,-0.138237,1.032629
2025-03-14,5.269075,0.936165
2025-03-17,-1.758856,0.850170
2025-03-18,-3.430097,0.987335
2025-03-19,1.810615,0.889027
2025-03-20,0.859425,0.795361
2025-03-21,-0.700244,0.837789
2025-03-24,3.152091,0.713888
2025-03-25,-0.593034,0.525135
2025-03-26,-5.741984,0.935592
2025-03-27,-2.048166,0.758787
2025-03-28,-1.579471,0.761425
2025-03-31,-1.176263,1.017949
2025-04-01,1.633151,0.772085
2025-04-02,0.245113,0.789127
2025-04-03,-7.806547,1.225808
2025-04-04,-7.357571,1.919878
2025-04-07,3.530909,2.130776
2025-04-08,-1.372388,1.592803
2025-04-09,18.722746,2.009133
2025-04-10,-5.912715,1.370223
2025-04-11,3.123546,0.960054
2025-04-14,-0.198323,0.806415
2025-04-15,1.345857,0.696563
2025-04-16,-6.871651,1.220939
2025-04-17,-2.871100,0.882797
2025-04-21,-4.512743,0.864974
2025-04-22,2.043121,0.720197
2025-04-23,3.862877,0.738299
2025-04-24,3.621848,0.650855
2025-04-25,4.303310,0.748025
2025-04-28,-2.053871,0.617547
2025-04-29,0.266702,0.508430
2025-04-30,-0.091726,0.714860
2025-05-01,2.469705,0.716780
2025-05-02,2.589382,0.576006
2025-05-05,-0.593893,0.412568
2025-05-06,-0.245992,0.523513
2025-05-07,3.100224,0.737935
2025-05-08,0.264823,0.743981
2025-05-09,-0.613447,0.540566
2025-05-12,5.443634,0.975204
2025-05-13,5.634140,1.459980
2025-05-14,4.163778,1.224594
2025-05-15,-0.376823,0.975930
2025-05-16,0.422758,1.012694
2025-05-19,0.125548,0.876366
2025-05-20,-0.877759,0.749010
2025-05-21,-1.919939,1.278493
2025-05-22,0.781485,0.880308
2025-05-23,-1.159381,0.941644
2025-05-27,3.206635,0.925301
2025-05-28,-0.509212,1.463096
2025-05-29,3.249016,1.721634
2025-05-30,-2.916871,1.506323
2025-06-02,1.665060,0.874483
2025-06-03,2.795156,0.996340
2025-06-04,0.495687,0.723378
2025-06-05,-1.359914,0.999740
2025-06-06,1.235785,0.661765
2025-06-09,0.642125,0.803212
2025-06-10,0.932479,0.668806
2025-06-11,-0.778057,0.730317
2025-06-12,1.519294,0.733087
2025-06-13,-2.089665,0.838918
2025-06-16,1.915905,0.858776
2025-06-17,-0.393953,0.659032
2025-06-18,0.943657,0.775009
2025-06-20,-1.120419,1.165951
2025-06-23,0.222454,0.745477
2025-06-24,2.587216,0.913434
2025-06-25,4.334021,1.314328
2025-06-26,0.460105,0.949936
2025-06-27,1.761068,1.294842
2025-06-30,0.152149,0.982757
2025-07-01,-2.968544,1.115556
2025-07-02,2.576635,0.892541
2025-07-03,1.329099,0.759916
2025-07-07,-0.690342,0.745615
2025-07-08,1.112233,0.753228
2025-07-09,1.799997,1.005811
2025-07-10,0.749021,0.918814
2025-07-11,0.499690,1.057450
2025-07-14,-0.515398,0.742777
2025-07-15,4.040954,1.259289
2025-07-16,0.392503,0.855629
2025-07-17,0.951159,0.872163
2025-07-18,-0.341033,0.789510
2025-07-21,-0.597414,0.666443
2025-07-22,-2.538217,1.080302
2025-07-23,2.245095,0.852697
2025-07-24,1.733230,0.720481
2025-07-25,-0.138137,0.711072
2025-07-28,1.873193,0.832353
2025-07-29,-0.701546,0.950711
2025-07-30,2.142324,1.089177
2025-07-31,-0.780952,1.402196
2025-08-01,-2.333163,1.273357
2025-08-04,3.615015,0.905367
2025-08-05,-0.966669,0.953331
2025-08-06,0.650734,0.831579
2025-08-07,0.752425,0.933747
2025-08-08,1.067651,0.762350
2025-08-11,-0.350300,0.873519
2025-08-12,0.604200,0.918360
2025-08-13,-0.857179,1.166771
2025-08-14,0.236799,0.834680
2025-08-15,-0.862539,1.019216
2025-08-18,0.864496,0.856322
2025-08-19,-3.499800,1.198111
2025-08-20,-0.136643,1.395158
2025-08-21,-0.239457,0.890507
2025-08-22,1.720209,1.094903
2025-08-25,1.022523,1.016694
2025-08-26,1.090038,1.044602
2025-08-27,-0.093523,1.451883
2025-08-28,-0.787446,1.704947
2025-08-29,-3.324643,1.445540
2025-09-02,-1.952001,1.358051
2025-09-03,-0.093679,0.942978
2025-09-04,0.609541,0.810616
2025-09-05,-2.703013,1.282578
2025-09-08,0.772350,0.916855
2025-09-09,1.455643,0.872172
2025-09-10,3.847515,1.249182
2025-09-11,-0.084590,0.814134
2025-09-12,0.366873,0.678005
2025-09-15,-0.039366,0.799244
2025-09-16,-1.614622,0.766864
2025-09-17,-2.624664,1.151573
2025-09-18,3.494045,1.034930
2025-09-19,0.243973,1.288178
2025-09-22,3.928238,1.426808
2025-09-23,-2.821204,0.993489
2025-09-24,-0.818248,0.735099
2025-09-25,0.406860,0.987343
2025-09-26,0.281385,0.774442
2025-09-29,2.053992,1.042541
2025-09-30,2.601034,1.297277
2025-10-01,0.353744,0.950146
2025-10-02,0.881218,0.745790
2025-10-03,-0.672352,0.751098
2025-10-06,-1.108625,0.881612
2025-10-07,-0.269480,0.784598
2025-10-08,2.199522,0.732626
2025-10-09,1.829626,1.058764
2025-10-10,-4.886534,1.540853
2025-10-13,2.817212,0.845051
2025-10-14,-4.402091,1.130230
2025-10-15,-0.111086,1.157992
2025-10-16,1.101040,0.969789
2025-10-17,0.775538,0.937285
2025-10-20,-0.316562,0.708166
2025-10-21,-0.810340,0.712129
2025-10-22,-0.485756,0.948567
2025-10-23,1.042821,0.647534
2025-10-24,2.250759,0.781667
2025-10-27,2.807914,0.918294
2025-10-28,4.981985,1.804601
2025-10-29,2.989603,1.836347
2025-10-30,-2.004447,1.022519
2025-10-31,-0.197147,1.015670
2025-11-03,2.168005,1.006301
2025-11-04,-3.958817,1.047992
2025-11-05,-1.751463,0.937829
2025-11-06,-3.652481,1.207076
2025-11-07,0.037218,1.418547
2025-11-10,5.793250,1.066023
2025-11-11,-2.959058,0.934519
2025-11-12,0.331336,0.826800
2025-11-13,-3.581020,1.124759
2025-11-14,1.771385,1.004259
2025-11-17,-1.877269,0.931118
2025-11-18,-2.808146,1.131784
2025-11-19,2.845165,1.279772
2025-11-20,-3.152474,1.739745
2025-11-21,-0.974308,1.659517
2025-11-24,2.051657,1.167328
2025-11-25,-2.591077,1.424939
2025-11-26,1.372172,0.813062
2025-11-28,-1.808500,0.551829
2025-12-01,1.649725,0.866973
2025-12-02,0.855933,0.840021
2025-12-03,-1.030531,0.759143
2025-12-04,2.116054,0.773609
2025-12-05,-0.528961,0.666089
2025-12-08,1.721398,0.963180
2025-12-09,-0.312586,0.691900
2025-12-10,-0.643351,0.788483
2025-12-11,-1.550771,0.885151
2025-12-12,-3.266450,0.986221
2025-12-15,0.725629,0.796127
2025-12-16,0.811169,0.721719
2025-12-17,-3.814989,1.088681
2025-12-18,1.871994,0.858638
2025-12-19,3.933623,1.612295
2025-12-22,1.491790,0.643388
2025-12-23,3.005070,0.921804
2025-12-24,-0.317112,0.353023
2025-12-26,1.017971,0.808368
2025-12-29,-1.212408,0.703181
2025-12-30,-0.361279,0.572626
2025-12-31,-0.554542,0.723178
2026-01-02,1.260051,0.909749
2026-01-05,-0.386553,1.132189
2026-01-06,-0.467782,1.085647
2026-01-07,0.998713,0.933084
2026-01-08,-2.152186,1.064466
2026-01-09,-0.097278,0.803720
2026-01-12,0.043279,0.852569
2026-01-13,0.470421,1.003199
2026-01-14,-1.436955,1.013818
2026-01-15,2.134988,1.312037
2026-01-16,-0.438397,1.174564
2026-01-20,-4.381672,1.410978
2026-01-21,2.948284,1.247286
2026-01-22,0.829140,0.904228
2026-01-23,1.531055,0.921223
2026-01-26,-0.639413,0.813829
2026-01-27,1.099368,0.919388
2026-01-28,1.591348,0.949153
2026-01-29,0.516908,1.087542
2026-01-30,-0.716840,1.110414
2026-02-02,-2.888085,1.007185
2026-02-03,-2.839295,1.232828
2026-02-04,-3.410220,1.243226
2026-02-05,-1.326138,1.227898
2026-02-06,7.871770,1.355600
2026-02-09,2.497166,1.131237
2026-02-10,-0.789310,0.773307
2026-02-11,0.800899,0.815584
2026-02-12,-1.636412,1.079161
2026-02-13,-2.209265,0.911955
2026-02-17,1.181554,0.925697
2026-02-18,1.627285,0.946737
2026-02-19,-0.042553,0.739704
2026-02-20,1.021826,1.065865
2026-02-23,0.911389,1.013280
2026-02-24,0.678672,1.025447
2026-02-25,1.405230,1.446311
2026-02-26,-5.456124,2.019745
2026-02-27,-4.164631,1.646665
2026-03-02,2.985490,1.065472
2026-03-03,-1.331654,0.900734
2026-03-04,1.660650,0.896083
2026-03-05,0.163901,1.008891
2026-03-06,-3.010798,0.961375
2026-03-09,2.716223,0.905298
2026-03-10,1.160700,0.927859
2026-03-11,0.687372,0.755954
2026-03-12,-1.553513,0.808706
2026-03-13,-1.578027,0.833335
2026-03-16,1.647712,1.133352
2026-03-17,-0.704076,0.938246
2026-03-18,-0.840982,0.801364
2026-03-19,-1.019954,0.876234
2026-03-20,-3.281810,1.222894
2026-03-23,1.702376,0.911979
2026-03-24,-0.250514,0.734499
2026-03-25,1.986299,0.814343
2026-03-26,-4.163861,0.953301
2026-03-27,-2.172390,1.051863
2026-03-30,-1.402821,1.026885
2026-03-31,5.588179,1.259405
2026-04-01,0.774086,0.923813
2026-04-02,0.933143,0.788590
2026-04-06,0.140932,0.601805
2026-04-07,0.258954,0.758803
2026-04-08,2.234697,0.856773
2026-04-09,1.005054,0.681427
2026-04-10,2.566473,0.945001
2026-04-13,-0.156390,0.347314
